2012,0,0,United States,0.5885,0.5939,0.5357,240926957,0.0851,1608162,1321051,629644,3244035,2108369,219296589,129058169,130234600,69498516,59948323,0.4631

2012,41,1,Alabama,0.5878,0.0000,0.5591,3703222,0.0254,31764,50622,9006,86889,,3522336,2070353,,813479,1266546,0.6089

2012,81,2,Alaska,0.5895,0.5918,0.5510,545344,0.0403,5597,6959,2089,13601,,509785,300495,301694,123594,193841,0.6106

2012,61,3,Arizona,0.5290,0.5329,0.4653,4957376,0.1010,40130,52316,7993,96443,,4360076,2306559,2323579,1034707,1230111,0.5431

2012,42,4,Arkansas,0.5053,0.5095,0.4753,2250173,0.0354,16204,26995,21106,53752,,2116668,1069468,1078548,422310,638017,0.6017

2012,71,5,California,0.5520,0.5589,0.4508,28925512,0.1759,165062,0,105133,217629,,23620070,13038547,13202158,8274473,5011781,0.3772

2012,62,6,Colorado,0.7031,0.7105,0.6467,3972885,0.0731,22815,0,11014,28322,,3654045,2569217,2596353,1288633,1073629,0.4545

2012,1,7,Connecticut,0.6090,0.0000,0.5563,2800499,0.0790,19321,0,2894,20768,,2558470,1558042,,997772,629428,0.3868

2012,11,8,Delaware,0.6266,0.0000,0.5801,713522,0.0583,6598,4448,560,11326,,660580,413921,,255459,152374,0.3736

2012,55,9,District of Columbia,0.6186,0.6197,0.5601,524455,0.0946,0,0,0,0,,474866,293764,294254,245800,17367,0.0660

2012,43,10,Florida,0.6348,0.6362,0.5518,15357202,0.1131,104306,165760,4093,272113,,13348802,8474179,8491920,4282074,4045624,0.4858

2012,44,11,Georgia,0.5836,0.5865,0.5225,7464219,0.0707,56432,185286,25091,254264,,6682600,3900050,3919355,1844123,2048759,0.5263

2012,82,12,Hawaii,0.4422,0.4447,0.4005,1085433,0.0890,5912,0,0,5912,,982943,434697,437159,325871,120566,0.2701

2012,63,13,Idaho,0.5960,0.6088,0.5546,1176186,0.0498,7431,13721,3957,23131,,1094490,652274,666290,236440,403012,0.6302

2012,21,14,Illinois,0.5888,0.5930,0.5326,9841508,0.0904,48418,0,0,48418,,8903001,5242014,5279752,3419348,2031179,0.3727

2012,22,15,Indiana,0.5515,0.5596,0.5286,4964646,0.0358,28028,0,0,28028,,4759100,2624534,2663368,1374039,1345648,0.4948

2012,31,16,Iowa,0.6990,0.7025,0.6712,2357292,0.0314,9455,8862,3197,19916,,2263375,1582180,1589951,828940,682379,0.4515

2012,32,17,Kansas,0.5700,0.5812,0.5355,2166319,0.0536,9051,3704,5063,15287,,2034892,1159971,1182771,514765,699655,0.5761

2012,51,18,Kentucky,0.5533,0.0000,0.5316,3380796,0.0234,20544,25688,14628,53546,,3248303,1797212,,751985,1048462,0.5823

2012,45,19,Louisiana,0.6038,0.6100,0.5708,3493427,0.0274,39445,42599,26202,95145,,3302514,1994065,2014548,782989,1148275,0.5946

2012,2,20,Maine,0.6806,0.6916,0.6692,1065701,0.0167,0,0,0,0,,1047901,713180,724758,421923,295273,0.4117

2012,52,21,Maryland,0.6616,0.0000,0.5956,4545729,0.0877,22645,26164,13195,55407,,4091886,2707327,,1629467,959862,0.3707

2012,3,22,Massachusetts,0.6625,0.6660,0.6043,5241610,0.0856,11312,0,0,11312,,4781421,3167767,3184196,1904097,1108854,0.3680

2012,23,23,Michigan,0.6465,0.6533,0.6201,7629642,0.0352,44113,0,0,44113,,7317247,4730961,4780701,2872579,2048639,0.4163

2012,33,24,Minnesota,0.7575,0.0000,0.7128,4119607,0.0455,9796,42661,5807,55361,,3876752,2936561,,1573354,1275409,0.4477

2012,46,25,Mississippi,0.5972,0.0000,0.5727,2244632,0.0181,21067,26793,6434,51077,,2152832,1285611,,554662,724597,0.5664

2012,34,26,Missouri,0.6251,0.0000,0.5951,4633182,0.0274,30623,54916,19421,95250,,4410813,2757323,,1441911,1445814,0.5007

2012,64,27,Montana,0.6261,0.6363,0.6156,786333,0.0120,3716,0,0,3716,,773147,484048,491966,231667,242763,0.5117

2012,35,28,Nebraska,0.6009,0.6084,0.5684,1397681,0.0476,4587,4080,941,9138,,1321948,794379,804245,333319,452979,0.5761

2012,65,29,Nevada,0.5713,0.5723,0.4866,2085840,0.1372,12653,8067,4964,23202,,1776403,1014918,1016664,533736,412827,0.4361

2012,4,30,New Hampshire,0.7013,0.7091,0.6780,1048583,0.0306,2761,0,0,2761,,1013741,710984,718830,384826,316534,0.4513

2012,12,31,New Jersey,0.6185,0.0000,0.5325,6833297,0.1259,25007,57517,15563,90306,,5882974,3638499,,2215422,1613207,0.4214

2012,66,32,New Mexico,0.5472,0.5491,0.4948,1583992,0.0811,6659,14855,3146,23087,,1432375,783758,786514,472422,346832,0.4234

2012,13,33,New York,0.5310,0.5351,0.4611,15314401,0.1263,56656,0,48542,80927,,13299567,7061925,7116784,4804945,2752771,0.3642

2012,47,34,North Carolina,0.6463,0.6516,0.6018,7486237,0.0583,40116,36740,3621,78667,,6970868,4505372,4542488,2142651,2128474,0.4983

2012,36,35,North Dakota,0.6058,0.6113,0.5944,543333,0.0162,1487,0,0,1487,,533050,322932,325862,141278,168601,0.5441

2012,24,36,Ohio,0.6456,0.6515,0.6269,8901762,0.0230,51712,0,0,51712,,8644958,5580822,5632423,2940044,2677820,0.4767

2012,53,37,Oklahoma,0.4916,0.0000,0.4622,2887988,0.0430,26252,20601,2627,48167,,2715516,1334872,,502496,960165,0.6565

2012,72,38,Oregon,0.6324,0.6434,0.5858,3054664,0.0692,14014,0,0,14014,,2829348,1789270,1820507,1037291,738475,0.4159

2012,14,39,Pennsylvania,0.5935,0.0000,0.5712,10052600,0.0325,51264,0,0,51264,,9674379,5742040,,3276363,2655885,0.4477

2012,5,40,Rhode Island,0.5802,0.0000,0.5339,835473,0.0758,3357,0,0,3357,,768785,446049,,296571,165391,0.3580

2012,48,41,South Carolina,0.5659,0.5709,0.5376,3653526,0.0369,23578,21144,6412,47928,,3470908,1964118,1981516,862449,1034896,0.5454

2012,37,42,South Dakota,0.5942,0.6014,0.5770,630553,0.0212,3434,0,2843,4856,,612310,363815,368270,170924,203054,0.5430

2012,54,43,Tennessee,0.5218,0.0000,0.4941,4976202,0.0359,27451,52178,12157,85708,,4711782,2458577,,1087437,1479178,0.5763

2012,49,44,Texas,0.4965,0.0000,0.4171,19167091,0.1353,173649,247136,104763,473167,,16100196,7993851,,3528633,4479328,0.5594

2012,67,45,Utah,0.5543,0.5604,0.5137,1980790,0.0698,6807,0,0,6807,,1835666,1017440,1028786,327670,596030,0.6453

2012,6,46,Vermont,0.6036,0.6086,0.5930,504732,0.0176,0,0,0,0,,495866,299290,301793,219262,98974,0.3110

2012,40,47,Virginia,0.6636,0.6694,0.6080,6339741,0.0687,37410,56654,2624,95376,,5808768,3854489,3888186,1959532,1725005,0.4682

2012,73,48,Washington,0.6407,0.6505,0.5828,5363370,0.0836,18235,15452,6956,37165,,4877969,3125516,3172939,1750848,1229216,0.4125

2012,56,49,West Virginia,0.4633,0.0000,0.4548,1474086,0.0086,6681,6650,1796,14229,,1447153,670438,,303857,397466,0.5667

2012,25,50,Wisconsin,0.7254,0.0000,0.6939,4426248,0.0310,22724,22602,19572,55112,,4233992,3071434,,1677211,1262393,0.4294

2012,68,51,Wyoming,0.5891,0.5930,0.5682,438317,0.0225,2112,3231,682,5684,,422784,249061,250701,82868,164958,0.6656

2010,0,0,United States,0.4098,0.4173,0.3775,236022989,0.0862,1608162,1321051,629644,3244035,4972217,217411031,89099476,90732693,,,

2010,41,1,Alabama,0.4308,,0.4081,3661784,0.0291,31764,50622,9006,86889,74079,3468201,1494273,,,,

2010,81,2,Alaska,0.5214,0.5266,0.4845,528744,0.0451,5597,6959,2089,13601,60686,491311,256192,258746,,,

2010,61,3,Arizona,0.4096,0.4150,0.3594,4807398,0.1024,40130,52316,7993,96443,90036,4218550,1727791,1750840,,,

2010,42,4,Arkansas,0.3757,0.3750,0.3526,2216171,0.0374,16204,26995,21106,53752,43963,2079611,781333,779957,,,

2010,71,5,California,0.4411,0.4502,0.3584,28167234,0.1798,165062,0,105133,217629,486207,22884597,10095485,10302324,,,

2010,62,6,Colorado,0.5068,,0.4651,3843619,0.0749,22815,0,11014,28322,71854,3527270,1787730,,,,

2010,1,7,Connecticut,0.4596,,0.4169,2765843,0.0854,19321,0,2894,20768,45799,2508961,1153115,,,,

2010,11,8,Delaware,0.4724,0.4778,0.4411,696940,0.0500,6598,4448,560,11326,12658,650777,307402,310946,,,

2010,55,9,District of Columbia,0.2885,0.2954,0.2618,506765,0.0925,0,0,0,0,6916,459870,132656,135846,,,

2010,43,10,Florida,0.4185,0.4223,0.3628,14916066,0.1149,104306,165760,4093,272113,451907,12930623,5411106,5460573,,,

2010,44,11,Georgia,0.3993,0.4061,0.3550,7255919,0.0757,56432,185286,25091,254264,141001,6452100,2576161,2620146,,,

2010,82,12,Hawaii,0.3989,0.4019,0.3600,1062593,0.0919,5912,0,0,5912,20090,958994,382563,385385,,,

2010,63,13,Idaho,0.4214,0.4275,0.3945,1147210,0.0438,7431,13721,3957,23131,26779,1073811,452535,459079,,,

2010,21,14,Illinois,0.4248,0.4320,0.3831,9735944,0.0932,48418,0,0,48418,200530,8779902,3729989,3792770,,,

2010,22,15,Indiana,0.3711,0.3799,0.3563,4896656,0.0342,28028,0,0,28028,89605,4701219,1744481,1786213,,,

2010,31,16,Iowa,0.5001,0.5079,0.4794,2328262,0.0329,9455,8862,3197,19916,43108,2231747,1116063,1133429,,,

2010,32,17,Kansas,0.4172,,0.3924,2137815,0.0525,9051,3704,5063,15287,42495,2010386,838790,,,,

2010,51,18,Kentucky,0.4243,0.4416,0.4071,3332204,0.0246,20544,25688,14628,53546,58518,3196785,1356468,1411695,,,

2010,45,19,Louisiana,0.3898,0.3998,0.3679,3438247,0.0286,39445,42599,26202,95145,68285,3244896,1264994,1297150,,,

2010,2,20,Maine,0.5515,,0.5426,1055605,0.0162,0,0,0,0,21362,1038516,572766,580538,,,

2010,52,21,Maryland,0.4648,,0.4175,4449617,0.0892,22645,26164,13195,55407,77074,3997423,1857880,,,,

2010,3,22,Massachusetts,0.4917,0.4966,0.4458,5152976,0.0913,11312,0,0,11312,77830,4671448,2297039,2319963,,,

2010,23,23,Michigan,0.4450,0.4508,0.4270,7555742,0.0347,44113,0,0,44113,163673,7249631,3226088,3268217,,,

2010,33,24,Minnesota,0.5538,0.5581,0.5214,4041199,0.0448,9796,42661,5807,55361,70063,3804746,2107021,2123369,,,

2010,46,25,Mississippi,0.3698,,0.3552,2220094,0.0166,21067,26793,6434,51077,45082,2132203,788549,,,,

2010,34,26,Missouri,0.4450,,0.4243,4581260,0.0257,30623,54916,19421,95250,96710,4368447,1943899,,,,

2010,64,27,Montana,0.4745,0.4834,0.4676,770601,0.0097,3716,0,0,3716,22898,759406,360341,367096,,,

2010,35,28,Nebraska,0.3729,0.3800,0.3549,1375023,0.0416,4587,4080,941,9138,27311,1308629,487988,497248,,,

2010,65,29,Nevada,0.4110,0.4122,0.3525,2046400,0.1309,12653,8067,4964,23202,45656,1755237,721404,723515,,,

2010,4,30,New Hampshire,0.4562,0.4610,0.4420,1033023,0.0284,2761,0,0,2761,25558,1000922,456588,461423,,,

2010,12,31,New Jersey,0.3643,0.3780,0.3143,6750869,0.1240,25007,57517,15563,90306,110559,5823268,2121584,2200974,,,

2010,66,32,New Mexico,0.4279,0.4313,0.3884,1552212,0.0774,6659,14855,3146,23087,31444,1408950,602827,607700,,,

2010,13,33,New York,0.3550,0.3625,0.3083,15111583,0.1263,56656,0,48542,80927,263787,13121437,4658586,4756679,,,

2010,47,34,North Carolina,0.3920,0.3980,0.3639,7310093,0.0611,40116,36740,3621,78667,133483,6785122,2660079,2700383,,,

2010,36,35,North Dakota,0.4617,0.4657,0.4527,527497,0.0165,1487,0,0,1487,11179,517285,238812,240876,,,

2010,24,36,Ohio,0.4497,0.4618,0.4364,8826908,0.0237,51712,0,0,51712,174703,8566254,3852453,3956028,,,

2010,53,37,Oklahoma,0.3877,,0.3645,2839030,0.0428,26252,20601,2627,48167,57046,2669244,1034767,,,,

2010,72,38,Oregon,0.5264,0.5386,0.4870,2984806,0.0702,14014,0,0,14014,63480,2761308,1453548,1487210,,,

2010,14,39,Pennsylvania,0.4169,,0.4009,9946290,0.0332,51264,0,0,51264,203791,9564983,3987551,,,,

2010,5,40,Rhode Island,0.4490,,0.4124,829913,0.0773,3357,0,0,3357,13827,762392,342290,,,,

2010,48,41,South Carolina,0.3970,0.4033,0.3764,3571250,0.0385,23578,21144,6412,47928,72241,3385906,1344198,1365480,,,

2010,37,42,South Dakota,0.5279,0.5384,0.5147,616113,0.0172,3434,0,2843,4856,20144,600669,317083,323410,,,

2010,54,43,Tennessee,0.3464,,0.3283,4878724,0.0349,27451,52178,12157,85708,127930,4622929,1601549,,,,

2010,49,44,Texas,0.3216,,0.2694,18487369,0.1369,173649,247136,104763,473167,549216,15482597,4979870,,,,

2010,67,45,Utah,0.3618,0.3674,0.3359,1914974,0.0680,6807,0,0,6807,31783,1778042,643307,653274,,,

2010,6,46,Vermont,0.4941,0.4983,0.4849,498254,0.0187,0,0,0,0,10546,488933,241605,243617,,,

2010,40,47,Virginia,0.3875,0.3919,0.3535,6194717,0.0724,37410,56654,2624,95376,124689,5650683,2189841,2214503,,,

2010,73,48,Washington,0.5312,0.5427,0.4838,5190736,0.0821,18235,15452,6956,37165,138296,4727602,2511094,2565589,,,

2010,56,49,West Virginia,0.3672,,0.3608,1468812,0.0077,6681,6650,1796,14229,33788,1443232,529948,,,,

2010,25,50,Wisconsin,0.5201,,0.4974,4365214,0.0310,22724,22602,19572,55112,78721,4174664,2171331,,,,

2010,68,51,Wyoming,0.4515,0.4572,0.4376,430673,0.0177,2112,3231,682,5684,13832,417384,188463,190822,,,

2008,0,0,United States,0.6155,0.6219,0.5687,230872030,0.0840,1605448,2451085,627680,3144831,4972217,213313508,131304731,132653958,69456897,59934814,0.4632

2008,41,1,Alabama,0.6078,0.6095,0.5840,3595708,0.0223,30508,53252,8042,61155,74079,3454510,2099819,2105622,813479,1266546,0.6089

2008,81,2,Alaska,0.6804,0.6828,0.6426,507645,0.0374,5014,6708,1732,9234,60686,479429,326197,327341,123594,193841,0.6106

2008,61,3,Arizona,0.5668,0.5736,0.4907,4673718,0.1162,39589,82232,7534,84472,90036,4046075,2293475,2320851,1034707,1230111,0.5431

2008,42,4,Arkansas,0.5245,0.5290,0.4996,2174846,0.0290,14716,31169,19908,40255,43963,2071563,1086617,1095958,422310,638017,0.6017

2008,71,5,California,0.6092,0.6174,0.4948,27411094,0.1793,173670,0,120753,234047,486207,22261504,13561900,13743177,8274473,5011781,0.3772

2008,62,6,Colorado,0.7098,0.7160,0.6474,3708955,0.0800,23274,0,11654,29101,71854,3382959,2401361,2422236,1288576,1073589,0.4545

2008,1,7,Connecticut,0.6664,,0.6041,2725917,0.0855,20661,0,2328,21825,45799,2471082,1646792,,997772,629428,0.3868

2008,11,8,Delaware,0.6565,0.6583,0.6060,680493,0.0534,7075,17216,551,15959,12658,628200,412398,413562,255459,152374,0.3736

2008,55,9,District of Columbia,0.6146,0.6169,0.5516,481971,0.1025,0,0,0,0,6916,432566,265853,266871,245800,17367,0.0660

2008,43,10,Florida,0.6613,0.6663,0.5763,14558436,0.1117,102388,279760,4528,244532,451907,12687407,8390744,8453743,4282074,4045624,0.4858

2008,44,11,Georgia,0.6247,0.6273,0.5556,7063638,0.0734,52719,397081,23448,262984,141001,6281872,3924440,3940705,1844137,2048744,0.5263

2008,82,12,Hawaii,0.4877,0.4904,0.4378,1036088,0.0966,5955,0,0,5955,20090,930067,453568,456064,325871,120566,0.2701

2008,63,13,Idaho,0.6363,0.6484,0.5860,1117842,0.0489,7290,49513,3361,33727,26779,1029416,655032,667506,236440,403012,0.6302

2008,21,14,Illinois,0.6362,0.6426,0.5744,9615700,0.0925,45474,0,0,45474,200530,8681138,5523051,5578195,3419673,2031527,0.3727

2008,22,15,Indiana,0.5912,0.6030,0.5700,4826231,0.0300,28322,0,0,28322,89605,4653019,2751054,2805986,1374039,1345648,0.4948

2008,31,16,Iowa,0.6936,0.6966,0.6687,2298515,0.0264,8766,22958,3159,21825,43108,2216094,1537123,1543662,828940,682379,0.4515

2008,32,17,Kansas,0.6205,0.6347,0.5885,2100084,0.0425,8539,16263,4958,19150,42495,1991759,1235872,1264208,514765,699655,0.5761

2008,51,18,Kentucky,0.5794,0.5895,0.5573,3277617,0.0219,21706,51035,12277,53362,58518,3152629,1826508,1858578,751985,1048462,0.5823

2008,45,19,Louisiana,0.6116,0.6176,0.5867,3342279,0.0197,38381,40025,24636,70712,68285,3205794,1960761,1979852,782989,1148275,0.5946

2008,2,20,Maine,0.7056,0.7184,0.6965,1049816,0.0129,0,0,0,0,21362,1036242,731163,744456,421923,295273,0.4117

2008,52,21,Maryland,0.6705,0.6782,0.6060,4342850,0.0782,23324,96360,13220,78114,77074,3925117,2631596,2661905,1629467,959862,0.3707

2008,3,22,Massachusetts,0.6680,0.6727,0.6091,5058035,0.0858,11408,0,0,11408,77830,4612550,3080985,3102995,1904097,1108854,0.3680

2008,23,23,Michigan,0.6919,0.6970,0.6644,7528460,0.0332,48738,0,0,48738,163673,7229512,5001766,5039080,2872579,2048639,0.4163

2008,33,24,Minnesota,0.7781,0.7810,0.7320,3975974,0.0401,9910,127627,5081,76264,70063,3740142,2910369,2921147,1573354,1275409,0.4477

2008,46,25,Mississippi,0.6103,,0.5889,2190402,0.0190,22754,22267,2922,35349,45082,2113347,1289856,,554662,724597,0.5664

2008,34,26,Missouri,0.6759,0.6914,0.6489,4507688,0.0246,30186,57360,20683,69208,96710,4327572,2925205,2992023,1441911,1445814,0.5007

2008,64,27,Montana,0.6632,0.6708,0.6513,755384,0.0132,3545,0,0,3545,22898,741853,491960,497599,231667,242763,0.5117

2008,35,28,Nebraska,0.6286,0.6369,0.5944,1348048,0.0435,4520,19606,846,14746,27311,1274719,801281,811923,333319,452979,0.5761

2008,65,29,Nevada,0.5704,0.5717,0.4839,2000277,0.1410,12743,13337,3908,21366,45656,1696831,967848,970019,533736,412827,0.4361

2008,4,30,New Hampshire,0.7165,0.7253,0.6958,1021787,0.0263,2702,0,0,2702,25558,992226,710970,719643,384826,316534,0.4513

2008,12,31,New Jersey,0.6696,0.6769,0.5816,6651284,0.1167,25953,128737,15849,98246,110559,5776527,3868237,3910220,2215422,1613207,0.4214

2008,66,32,New Mexico,0.6092,0.6116,0.5513,1505830,0.0827,6402,20883,3724,18706,31444,1362629,830158,833365,472422,346832,0.4234

2008,13,33,New York,0.5901,0.5963,0.5136,14876971,0.1238,60347,0,52225,86460,263787,12948969,7640640,7721718,4769700,2742298,0.3651

2008,47,34,North Carolina,0.6547,0.6614,0.6075,7096503,0.0586,39482,109678,3409,96026,133483,6584302,4310789,4354571,2142651,2128474,0.4983

2008,36,35,North Dakota,0.6273,0.6362,0.6175,512768,0.0128,1452,0,0,1452,11179,504762,316621,321133,141278,168601,0.5441

2008,24,36,Ohio,0.6694,0.6782,0.6507,8757453,0.0220,51686,0,0,51686,174703,8513079,5698260,5773777,2933388,2674491,0.4769

2008,53,37,Oklahoma,0.5585,0.5630,0.5280,2770219,0.0396,25864,27940,3073,41371,57046,2619121,1462661,1474694,502496,960165,0.6565

2008,72,38,Oregon,0.6769,0.6833,0.6268,2916246,0.0692,14167,0,0,14167,63480,2700327,1827864,1845251,1037291,738475,0.4159

2008,14,39,Pennsylvania,0.6357,0.6419,0.6127,9813664,0.0312,49215,0,0,49215,203791,9457942,6012692,6071357,3276363,2655885,0.4477

2008,5,40,Rhode Island,0.6178,0.6226,0.5713,825786,0.0704,4045,0,0,4045,13827,763608,471766,475428,296571,165391,0.3580

2008,48,41,South Carolina,0.5802,0.5820,0.5530,3473488,0.0335,24326,41254,1947,45927,72241,3311044,1920969,1927153,862449,1034896,0.5454

2008,37,42,South Dakota,0.6466,0.6559,0.6339,602539,0.0118,3342,0,2720,4702,20144,590720,381975,387449,170924,203054,0.5430

2008,54,43,Tennessee,0.5697,0.5738,0.5448,4771926,0.0308,27228,58109,10578,61572,127930,4563192,2599749,2618238,1087437,1479178,0.5763

2008,49,44,Texas,0.5411,,0.4549,17756112,0.1345,172506,427080,102921,437507,549216,14929810,8077795,,3528633,4479328,0.5594

2008,67,45,Utah,0.5601,0.5712,0.5176,1840087,0.0724,6552,0,0,6552,31783,1700286,952370,971185,327670,596030,0.6453

2008,6,46,Vermont,0.6734,0.6771,0.6598,492610,0.0202,0,0,0,0,10546,482677,325046,326822,219262,98974,0.3110

2008,40,47,Virginia,0.6702,0.6756,0.6183,6022123,0.0663,38276,53614,4471,67319,124689,5555415,3723260,3753059,1959532,1725005,0.4682

2008,73,48,Washington,0.6658,0.6734,0.6034,5032960,0.0778,17926,113134,11768,80377,138296,4561163,3036878,3071587,1750848,1229216,0.4125

2008,56,49,West Virginia,0.4987,0.5115,0.4909,1453045,0.0078,6059,8283,2005,11203,33788,1430439,713362,731691,303857,397466,0.5667

2008,25,50,Wisconsin,0.7240,0.7273,0.6927,4306876,0.0298,23379,50418,18105,57641,78721,4120694,2983417,2997086,1677211,1262393,0.4294

2008,68,51,Wyoming,0.6277,0.6310,0.6092,418040,0.0171,2084,5438,727,5167,13832,405732,254658,256035,82868,164958,0.6656

2006,0,0,United States,0.4037,0.4131,0.3717,225485399,0.0857,1566526,2418574,587305,3363118,4417527,207643594,83815592,85769132,,,

2006,41,1,Alabama,0.3745,,0.3591,3513952,0.0227,28241,55766,7795,63919,,3338467,1250401,,,,

2006,81,2,Alaska,0.5102,0.5123,0.4781,492452,0.0447,5069,6095,973,9090,,465169,237322,238307,,,

2006,61,3,Arizona,0.3891,0.3958,0.3332,4490327,0.1262,35892,73265,6213,78738,,3923786,1526782,1553032,,,

2006,42,4,Arkansas,0.3865,0.3894,0.3637,2130080,0.0328,13729,31508,16666,46149,,2004193,774680,780409,,,

2006,71,5,California,0.4022,0.4123,0.3220,26739781,0.1887,175512,0,111744,287256,,21582217,8679416,8899059,,,

2006,62,6,Colorado,0.4726,0.4810,0.4307,3569901,0.0804,22481,0,8196,30677,,3297308,1558405,1586105,,,

2006,1,7,Connecticut,0.4655,0.4769,0.4245,2683538,0.0794,20566,0,2571,23137,,2437559,1134780,1162391,,,

2006,11,8,Delaware,0.4226,0.4291,0.3896,659410,0.0533,7206,16958,600,16285,,601341,254099,258053,,,

2006,55,9,District of Columbia,0.2827,0.2868,0.2555,466827,0.0967,0,0,0,0,,426612,120620,122356,,,

2006,43,10,Florida,0.3962,0.4008,0.3428,14211669,0.1181,92969,272977,4785,234243,,12187858,4829270,4884544,,,

2006,44,11,Georgia,0.3470,0.3506,0.3069,6799654,0.0744,52792,422790,22851,287038,,6115331,2122258,2143845,,,

2006,82,12,Hawaii,0.3788,0.3840,0.3457,1012975,0.0806,5967,0,0,5967,,908925,344315,348988,,,

2006,63,13,Idaho,0.4540,0.4622,0.4198,1072895,0.0436,7124,48609,2482,33911,,993010,450832,458927,,,

2006,21,14,Illinois,0.4023,0.4138,0.3632,9483856,0.0925,45106,0,0,45106,,8667453,3486671,3586292,,,

2006,22,15,Indiana,0.3656,0.3771,0.3523,4743856,0.0310,26091,0,0,26091,,4559294,1666922,1719351,,,

2006,31,16,Iowa,0.4811,0.4919,0.4625,2267991,0.0280,8875,22622,3560,23746,,2178322,1048033,1071509,,,

2006,32,17,Kansas,0.4360,0.4434,0.4108,2062668,0.0473,8816,15518,4666,21241,,1948850,849700,864083,,,

2006,51,18,Kentucky,0.4043,0.4418,0.3901,3218000,0.0192,20000,41162,10162,50743,,3100828,1253526,1370062,,,

2006,45,19,Louisiana,0.2965,0.3137,0.2830,3239317,0.0201,37012,38057,24072,80113,,3043573,902498,954896,,,

2006,2,20,Maine,0.5420,,0.5329,1037200,0.0168,0,0,0,0,,1016287,550865,,,,

2006,52,21,Maryland,0.4665,0.4720,0.4216,4261205,0.0787,22945,75698,14271,75065,,3833349,1788316,1809237,,,

2006,3,22,Massachusetts,0.4876,0.4928,0.4442,4970780,0.0869,11032,0,0,11032,,4552794,2219779,2243835,,,

2006,23,23,Michigan,0.5212,0.5282,0.4988,7532918,0.0362,51577,0,0,51577,,7292624,3801256,3852008,,,

2006,33,24,Minnesota,0.6006,0.6046,0.5637,3896561,0.0418,9108,127289,4007,76760,,3667707,2202987,2217552,,,

2006,46,25,Mississippi,0.2941,,0.2855,2154112,0.0128,21068,24107,1970,35092,,2077420,610921,,,,

2006,34,26,Missouri,0.5004,0.5121,0.4809,4427266,0.0216,30167,54963,18374,76023,,4253541,2128459,2178278,,,

2006,64,27,Montana,0.5642,0.5706,0.5558,734669,0.0102,3572,0,0,3572,,720447,406505,411061,,,

2006,35,28,Nebraska,0.4765,0.4880,0.4509,1325932,0.0431,4407,18731,662,14435,,1251027,596087,610499,,,

2006,65,29,Nevada,0.3689,0.3712,0.3115,1907976,0.1436,12901,13208,3518,23023,,1579222,582572,586274,,,

2006,4,30,New Hampshire,0.4138,0.4292,0.3987,1006234,0.0340,2805,0,0,2805,,975281,403531,418550,,,

2006,12,31,New Jersey,0.3947,0.4062,0.3410,6565183,0.1204,27371,132636,13874,107563,,5701033,2250070,2315643,,,

2006,66,32,New Mexico,0.4250,0.4307,0.3862,1464560,0.0798,6639,16493,2831,17717,,1320285,561084,568597,,,

2006,13,33,New York,0.3486,0.3652,0.3026,14665626,0.1243,63315,0,53533,116848,,12878632,4490053,4703830,,,

2006,47,34,North Carolina,0.3098,0.3251,0.2874,6799585,0.0582,37460,110419,3101,95771,,6264630,1940808,2036451,,,

2006,36,35,North Dakota,0.4487,0.4535,0.4408,503647,0.0147,1363,0,0,1363,,486142,218152,220479,,,

2006,24,36,Ohio,0.4754,0.4945,0.4625,8687609,0.0216,49166,0,0,49166,,8461211,4022754,4184072,,,

2006,53,37,Oklahoma,0.3637,,0.3434,2709819,0.0392,26243,27415,4329,44280,,2547224,926462,,,,

2006,72,38,Oregon,0.5247,0.5324,0.4839,2829482,0.0728,13707,0,0,13707,,2628937,1379475,1399650,,,

2006,14,39,Pennsylvania,0.4412,,0.4261,9680466,0.0295,44397,0,0,44397,,9283762,4096077,,,,

2006,5,40,Rhode Island,0.5105,0.5209,0.4667,824887,0.0810,3996,0,0,3996,,754219,384993,392882,,,

2006,48,41,South Carolina,0.3464,0.3545,0.3305,3332190,0.0320,23616,38353,3072,45865,,3152046,1091952,1117311,,,

2006,37,42,South Dakota,0.5779,0.5875,0.5643,589178,0.0141,3359,0,2444,5803,,580592,335508,341105,,,

2006,54,43,Tennessee,0.4136,0.4214,0.3955,4641909,0.0305,25745,52558,8630,60654,,4433921,1833695,1868363,,,

2006,49,44,Texas,0.3086,,0.2582,17029802,0.1345,172116,431967,101916,490016,,14255313,4399068,,,,

2006,67,45,Utah,0.3432,0.3500,0.3177,1752158,0.0712,6430,0,0,6430,,1664323,571252,582561,,,

2006,6,46,Vermont,0.5494,0.5500,0.5385,487141,0.0201,0,0,0,0,,478247,262726,263025,,,

2006,40,47,Virginia,0.4402,0.4454,0.4058,5867219,0.0669,36688,48144,4499,65259,,5385522,2370445,2398589,,,

2006,73,48,Washington,0.4731,0.4735,0.4273,4861001,0.0798,17561,108076,11568,83167,,4403981,2083734,2085074,,,

2006,56,49,West Virginia,0.3281,0.3375,0.3235,1439052,0.0065,5733,7668,1416,10983,,1401490,459884,473014,,,

2006,25,50,Wisconsin,0.5319,0.5371,0.5078,4240696,0.0293,23431,55806,15907,67241,,4064432,2161700,2183155,,,

2006,68,51,Wyoming,0.5114,0.5176,0.4942,400187,0.0197,2114,5225,609,5336,,379127,193892,196217,,,

2004,0,0,United States,0.6010,0.6071,0.5539,220336019,0.0816,1490169,2387283,474632,3158443,3862836,203483455,122294978,123535883,59028444,62040610,0.5124

2004,41,1,Alabama,0.5720,0.5741,0.5523,3427542,0.0190,26521,36795,7745,52664,,3292608,1883415,1890317,693933,1176394,0.6290

2004,81,2,Alaska,0.6914,0.6956,0.6518,476378,0.0401,4515,5547,951,8240,,452124,312598,314502,111025,190889,0.6323

2004,61,3,Arizona,0.5414,0.5483,0.4703,4215706,0.1146,31631,69343,5671,71974,,3717055,2012585,2038069,893524,1104294,0.5528

2004,42,4,Arkansas,0.5357,0.5437,0.5098,2072986,0.0276,13477,29128,14844,42885,,1969208,1054945,1070573,469953,572898,0.5494

2004,71,5,California,0.5878,0.5957,0.4709,26246548,0.1885,166053,0,110261,276314,,21132533,12421852,12589367,6745485,5509826,0.4496

2004,62,6,Colorado,0.6670,0.6728,0.6120,3443164,0.0747,19756,0,7383,27139,,3192647,2129630,2148036,1001732,1101255,0.5237

2004,1,7,Connecticut,0.6498,0.6617,0.5969,2652587,0.0729,20018,0,2552,22570,,2429634,1578769,1607808,857488,693826,0.4473

2004,11,8,Delaware,0.6416,0.6453,0.5941,635370,0.0472,6973,18725,539,16875,,584817,375190,377407,200152,171660,0.4617

2004,55,9,District of Columbia,0.5430,0.5490,0.4889,458758,0.0995,0,0,0,0,,419142,227586,230105,202970,21256,0.0948

2004,43,10,Florida,0.6442,0.6468,0.5615,13643828,0.1115,84733,281170,4888,230206,,11811921,7609810,7640319,3583544,3964522,0.5252

2004,44,11,Georgia,0.5617,0.5643,0.4998,6499325,0.0677,48625,419350,23344,281644,,5878186,3301875,3317336,1366149,1914254,0.5835

2004,82,12,Hawaii,0.4823,0.4853,0.4412,982882,0.0792,5946,0,0,5946,,889540,429013,431662,231708,194191,0.4560

2004,63,13,Idaho,0.6324,0.6477,0.5873,1016255,0.0410,6312,44580,2370,30972,,946160,598376,612786,181098,409235,0.6932

2004,21,14,Illinois,0.6150,0.6238,0.5568,9391420,0.0899,44379,0,0,44379,,8576696,5274322,5350493,2891550,2345946,0.4479

2004,22,15,Indiana,0.5479,0.5577,0.5302,4660157,0.0273,23760,0,0,23760,,4504260,2468002,2512142,969011,1479438,0.6042

2004,31,16,Iowa,0.6988,0.7058,0.6736,2239979,0.0257,8611,22832,3317,23344,,2156389,1506908,1521966,741898,751957,0.5034

2004,32,17,Kansas,0.6158,0.6290,0.5832,2032763,0.0428,9152,14309,4525,20832,,1928764,1187756,1213108,434993,736456,0.6287

2004,51,18,Kentucky,0.5873,0.5942,0.5693,3157464,0.0173,17763,33286,8006,42412,,3057741,1795860,1816867,712733,1069439,0.6001

2004,45,19,Louisiana,0.6105,0.6147,0.5849,3379937,0.0177,36745,38470,24387,80367,,3182762,1943106,1956590,820299,1102169,0.5733

2004,2,20,Maine,0.7380,0.7487,0.7262,1022043,0.0159,0,0,0,0,,1003792,740752,751519,396842,330201,0.4542

2004,52,21,Maryland,0.6285,0.6309,0.5720,4179376,0.0716,23727,76676,14351,76416,,3797264,2386705,2395791,1334493,1024703,0.4343

2004,3,22,Massachusetts,0.6424,0.6457,0.5872,4935787,0.0838,10365,0,0,10365,,4533859,2912388,2927455,1803800,1071109,0.3726

2004,23,23,Michigan,0.6663,0.6713,0.6390,7508568,0.0345,48591,0,0,48591,,7263024,4839252,4875692,2479183,2313746,0.4827

2004,33,24,Minnesota,0.7837,0.7877,0.7387,3819020,0.0392,8613,114226,3872,69598,,3609185,2828387,2842912,1445014,1346695,0.4824

2004,46,25,Mississippi,0.5570,,0.5419,2133681,0.0115,20429,21324,1979,33070,,2068766,1152365,,458094,684981,0.5992

2004,34,26,Missouri,0.6533,0.6612,0.6294,4339414,0.0193,30775,53832,17400,75091,,4180960,2731364,2764635,1259171,1455713,0.5362

2004,64,27,Montana,0.6443,0.6524,0.6344,711858,0.0100,3800,0,0,3800,,699114,450445,456096,173710,266063,0.6050

2004,35,28,Nebraska,0.6293,0.6412,0.5977,1305430,0.0397,4042,17994,805,13844,,1236522,778186,792906,254328,512814,0.6685

2004,65,29,Nevada,0.5525,0.5538,0.4730,1776962,0.1320,10971,12521,3610,20842,,1501437,829587,831563,397190,418690,0.5132

2004,4,30,New Hampshire,0.7086,0.7148,0.6844,984422,0.0317,2441,0,0,2441,,956422,677738,683672,340511,331237,0.4931

2004,12,31,New Jersey,0.6377,0.6424,0.5521,6513394,0.1169,28107,143315,14180,113945,,5663201,3611691,3638153,1911430,1670003,0.4663

2004,66,32,New Mexico,0.5896,0.6044,0.5386,1411419,0.0738,6341,17725,2676,17880,,1282767,756304,775301,370942,376930,0.5040

2004,13,33,New York,0.5802,0.5847,0.5025,14598898,0.1259,64596,0,54524,119120,,12738056,7391249,7448266,4314280,2962567,0.4071

2004,47,34,North Carolina,0.5781,0.5866,0.5394,6505150,0.0526,34917,111537,2882,93568,,6055771,3501007,3552449,1525849,1961166,0.5624

2004,36,35,North Dakota,0.6481,0.6547,0.6382,496479,0.0127,1266,0,0,1266,,482722,312833,316049,111052,196651,0.6391

2004,24,36,Ohio,0.6678,0.6790,0.6511,8624277,0.0198,44770,0,0,44770,,8427696,5627908,5722443,2741167,2859768,0.5106

2004,53,37,Oklahoma,0.5830,,0.5535,2649994,0.0343,24767,28435,4329,43314,,2510823,1463758,,503966,959792,0.6557

2004,72,38,Oregon,0.7201,0.7259,0.6676,2736472,0.0680,13219,0,0,13219,,2550887,1836782,1851671,943163,866831,0.4789

2004,14,39,Pennsylvania,0.6256,,0.6062,9554349,0.0267,40692,0,0,40692,,9221962,5769590,,2938095,2793847,0.4874

2004,5,40,Rhode Island,0.5852,0.5893,0.5286,827513,0.0759,3701,26085,368,17112,,747046,437134,440228,259765,169046,0.3942

2004,48,41,South Carolina,0.5295,0.5325,0.5074,3198733,0.0274,24173,38856,2217,45818,,3055098,1617730,1626720,661699,937974,0.5864

2004,37,42,South Dakota,0.6821,0.6939,0.6689,576472,0.0139,3101,0,0,3101,,569161,388215,394930,149244,232584,0.6091

2004,54,43,Tennessee,0.5631,0.5676,0.5411,4496929,0.0262,25834,47392,8410,57940,,4328446,2437319,2456610,1036477,1384375,0.5719

2004,49,44,Texas,0.5372,,0.4542,16284659,0.1247,169110,428773,102072,485569,,13796256,7410765,,2832704,4526917,0.6151

2004,67,45,Utah,0.5893,0.5983,0.5475,1664066,0.0676,5802,0,0,5802,,1574463,927844,942010,241199,663742,0.7335

2004,6,46,Vermont,0.6634,0.6675,0.6496,480053,0.0209,0,0,0,0,,470754,312309,314220,184067,121180,0.3970

2004,40,47,Virginia,0.6061,0.6108,0.5622,5699175,0.0616,35472,43470,4392,61599,,5277156,3198367,3223156,1454742,1716959,0.5413

2004,73,48,Washington,0.6691,0.6748,0.6081,4683829,0.0744,16559,125222,120,79290,,4272914,2859084,2883499,1510201,1304894,0.4635

2004,56,49,West Virginia,0.5413,0.5511,0.5342,1425689,0.0062,4980,6977,1216,9685,,1396545,755887,769645,326541,423778,0.5648

2004,25,50,Wisconsin,0.7480,0.7528,0.7165,4172068,0.0267,22905,54970,13883,64273,,4006948,2997007,3016288,1489504,1478120,0.4981

2004,68,51,Wyoming,0.6565,0.6629,0.6375,386796,0.0167,1923,4418,563,4695,,370785,243428,245789,70776,167629,0.7031

2002,0,0,United States,0.3951,0.4048,0.3629,215461549,0.0801,1456927,2451708,485282,3168063,3308145,198381939,78381943,80295249,,,

2002,41,1,Alabama,0.4153,,0.4042,3371451,0.0177,28440,39713,5309,53606,,3285643,1364602,,,,

2002,81,2,Alaska,0.5417,0.5449,0.5096,457154,0.0382,4431,5229,900,7946,,427337,231484,232852,,,

2002,61,3,Arizona,0.3586,0.3672,0.3069,3998148,0.1109,30741,66485,4587,68571,,3419481,1226111,1255615,,,

2002,42,4,Arkansas,0.4128,0.4172,0.3967,2031787,0.0259,12378,27377,12128,38195,,1951568,805696,814176,,,

2002,71,5,California,0.3606,0.3733,0.2901,25622609,0.1884,163361,0,113185,276546,,20733192,7476351,7738821,,,

2002,62,6,Colorado,0.4633,0.4659,0.4204,3362098,0.0722,19085,0,6215,25300,,3056465,1416093,1424029,,,

2002,1,7,Connecticut,0.4230,0.4511,0.3890,2617814,0.0705,20525,0,2186,22711,,2418037,1022942,1090756,,,

2002,11,8,Delaware,0.4112,,0.3787,612919,0.0445,6879,20201,551,17531,,564938,232314,,,,

2002,55,9,District of Columbia,0.3015,,0.2712,458631,0.1002,0,0,0,0,,412062,124228,,,,

2002,43,10,Florida,0.4556,0.4595,0.3947,13005435,0.1091,80352,291315,5223,231233,,11194391,5100581,5143674,,,

2002,44,11,Georgia,0.3544,,0.3217,6287215,0.0649,47004,367349,20822,251501,,5731983,2031604,,,,

2002,82,12,Hawaii,0.4377,0.4415,0.4020,950520,0.0797,5635,0,0,5635,,872992,382110,385462,,,

2002,63,13,Idaho,0.4466,0.4521,0.4204,970916,0.0401,5825,31361,1961,23467,,921256,411477,416533,,,

2002,21,14,Illinois,0.4143,0.4276,0.3775,9302571,0.0889,43186,0,0,43186,,8540965,3538883,3651808,,,

2002,22,15,Indiana,0.3385,,0.3329,4587747,0.0258,22576,0,0,22576,,4494191,1521353,,,,

2002,31,16,Iowa,0.4788,0.4868,0.4570,2214936,0.0249,8395,19970,2787,21167,,2136683,1023075,1040201,,,

2002,32,17,Kansas,0.4405,0.4491,0.4141,2007407,0.0414,9009,15217,3990,20608,,1897261,835692,851966,,,

2002,51,18,Kentucky,0.3716,,0.3641,3100972,0.0166,16377,24480,5968,34585,,3044267,1131313,,,,

2002,45,19,Louisiana,0.3940,0.4006,0.3778,3312330,0.0173,36091,36257,23049,77269,,3163663,1246333,1267225,,,

2002,2,20,Maine,0.5077,,0.5007,1001796,0.0157,0,0,0,0,,995056,505190,,,,

2002,52,21,Maryland,0.4634,0.4680,0.4162,4082694,0.0690,24186,81982,13271,78448,,3678346,1704560,1721626,,,

2002,3,22,Massachusetts,0.4921,0.4980,0.4440,4919958,0.0824,10511,0,0,10511,,4458820,2194189,2220301,,,

2002,23,23,Michigan,0.4445,0.4505,0.4235,7445335,0.0340,49524,0,0,49524,,7147888,3177565,3219864,,,

2002,33,24,Minnesota,0.6409,,0.5965,3745577,0.0383,7612,122692,3577,72535,,3518184,2254639,,,,

2002,46,25,Mississippi,0.3007,,0.2917,2099698,0.0111,20542,16633,1816,30675,,2047426,615609,,,,

2002,34,26,Missouri,0.4561,,0.4394,4262146,0.0189,30649,54584,13533,71474,,4116889,1877620,,,,

2002,64,27,Montana,0.4840,0.4971,0.4767,690652,0.0097,3440,0,0,3440,,684572,331321,340272,,,

2002,35,28,Nebraska,0.3993,,0.3730,1285024,0.0379,4103,16468,574,12911,,1204512,480991,,,,

2002,65,29,Nevada,0.3624,0.3684,0.3110,1640679,0.1273,10527,12290,3971,20643,,1391100,504079,512433,,,

2002,4,30,New Hampshire,0.4806,0.4870,0.4601,960401,0.0302,2483,0,0,2483,,930362,447135,453078,,,

2002,12,31,New Jersey,0.3807,0.3894,0.3263,6448445,0.1146,28213,134290,12576,107934,,5549726,2112604,2161105,,,

2002,66,32,New Mexico,0.3858,0.4002,0.3567,1360130,0.0705,6173,16287,1962,16279,,1255086,484229,502230,,,

2002,13,33,New York,0.3611,0.3700,0.3138,14504792,0.1264,65914,0,55990,121904,,12679865,4579078,4690968,,,

2002,47,34,North Carolina,0.3967,,0.3717,6314679,0.0502,33334,112900,2805,92589,,5876705,2331181,,,,

2002,36,35,North Dakota,0.4851,0.4981,0.4759,486797,0.0124,1168,0,0,1168,,476251,231030,237224,,,

2002,24,36,Ohio,0.3880,0.4033,0.3759,8556557,0.0191,45831,0,0,45831,,8322521,3228992,3356285,,,

2002,53,37,Oklahoma,0.4121,,0.3956,2610016,0.0327,23004,29881,3573,41518,,2513143,1035620,,,,

2002,72,38,Oregon,0.5078,0.5184,0.4725,2674581,0.0665,12422,0,0,12422,,2495739,1267221,1293756,,,

2002,14,39,Pennsylvania,0.3878,,0.3734,9454338,0.0257,40545,0,0,40545,,9143001,3545431,,,,

2002,5,40,Rhode Island,0.4474,0.4544,0.4014,819310,0.0738,3569,25914,384,16910,,741776,331834,337027,,,

2002,48,41,South Carolina,0.3695,,0.3557,3100548,0.0257,24247,41574,3491,48525,,2982810,1102010,,,,

2002,37,42,South Dakota,0.6068,0.6121,0.5971,564305,0.0134,3059,0,0,3059,,556154,337497,340407,,,

2002,54,43,Tennessee,0.3961,,0.3727,4393757,0.0247,25409,42712,7949,54714,,4151834,1644741,,,,

2002,49,44,Texas,0.3425,0.3453,0.2878,15718593,0.1213,164222,434486,103068,484533,,13181016,4514012,4552059,,,

2002,67,45,Utah,0.3703,0.3777,0.3504,1601707,0.0654,5594,0,0,5594,,1504529,557153,568290,,,

2002,6,46,Vermont,0.4882,0.4943,0.4811,472402,0.0207,0,0,0,0,,471403,230161,232993,,,

2002,40,47,Virginia,0.2899,0.3234,0.2692,5536511,0.0597,34733,40359,4530,59443,,5138270,1489422,1661915,,,

2002,73,48,Washington,0.4179,0.4346,0.3792,4553733,0.0725,16284,171603,95,102181,,4162032,1739116,1808720,,,

2002,56,49,West Virginia,0.3120,0.3148,0.3085,1413580,0.0060,4703,6430,999,8917,,1398124,436183,440156,,,

2002,25,50,Wisconsin,0.4543,,0.4317,4094028,0.0260,22366,54614,11088,60761,,3908088,1775349,,,,

2002,68,51,Wyoming,0.5006,0.5075,0.4917,376121,0.0162,1809,4596,570,4677,,370488,185459,188028,,,

2000,0,0,United States,0.5422,0.5526,0.5001,210623408,0.0770,1377013,2339388,536039,3082746,2937000,194331436,105375486,107390107,50999897,50456002,0.4973

2000,41,1,Alabama,0.5160,,0.5010,3334576,0.0152,26225,40178,5484,51798,,3241682,1672551,,692611,941173,0.5761

2000,81,2,Alaska,0.6813,0.6868,0.6502,440296,0.0344,4173,4779,525,7088,,419111,285560,287825,79004,167398,0.6794

2000,61,3,Arizona,0.4563,0.4645,0.4018,3816498,0.1034,26510,59810,3474,59889,,3357701,1532016,1559520,685341,781652,0.5328

2000,42,4,Arkansas,0.4786,,0.4603,2001774,0.0225,11915,28409,8659,34779,,1925961,921781,,422768,472940,0.5280

2000,71,5,California,0.5571,0.5661,0.4408,24867252,0.1882,163001,0,117647,280648,,19685258,10965849,11142843,5861203,4567429,0.4380

2000,62,6,Colorado,0.5754,,0.5369,3246521,0.0673,16833,0,5500,22333,,3026316,1741368,,738227,883748,0.5449

2000,1,7,Connecticut,0.6190,0.6252,0.5662,2575243,0.0658,18355,47636,1868,44041,,2357687,1459525,1474103,816015,561094,0.4074

2000,11,8,Delaware,0.5903,,0.5492,594256,0.0390,6921,20052,579,17526,,554863,327529,,180068,137288,0.4326

2000,55,9,District of Columbia,0.4832,,0.4395,458301,0.1015,7456,0,0,7456,,416696,201355,,171923,18073,0.0951

2000,43,10,Florida,0.5590,0.5755,0.4792,12475387,0.1042,71319,296139,5982,225371,,10667193,5963110,6138765,2912253,2912790,0.5000

2000,44,11,Georgia,0.4580,0.4761,0.4243,6087332,0.0592,44232,321407,21556,226492,,5639668,2583208,2684951,1116230,1419720,0.5598

2000,82,12,Hawaii,0.4419,0.4457,0.3992,923737,0.0809,5053,0,0,5053,,832642,367951,371113,205286,137845,0.4017

2000,63,13,Idaho,0.5717,0.5888,0.5354,935443,0.0382,5535,35103,1409,24496,,877406,501615,516647,138637,336937,0.7085

2000,21,14,Illinois,0.5624,0.5849,0.5144,9208908,0.0870,45281,0,0,45281,,8432600,4742123,4932192,2589026,2019421,0.4382

2000,22,15,Indiana,0.4932,0.5076,0.4826,4527523,0.0228,20125,0,0,20125,,4424909,2182295,2246003,901980,1245836,0.5800

2000,31,16,Iowa,0.6316,,0.5963,2199529,0.0235,7955,21147,2763,21292,,2082950,1315563,,638517,634373,0.4984

2000,32,17,Kansas,0.5561,0.5668,0.5396,1983933,0.0385,8344,0,3829,12173,,1927950,1072216,1092716,399276,622332,0.6092

2000,51,18,Kentucky,0.5224,0.5305,0.5041,3059582,0.0151,14919,19620,4614,29343,,2955628,1544107,1568058,638898,872492,0.5773

2000,45,19,Louisiana,0.5641,0.5674,0.5419,3260060,0.0164,35207,35854,22860,75994,,3130267,1765656,1776133,792344,927871,0.5394

2000,2,20,Maine,0.6725,,0.6636,979314,0.0151,0,0,0,0,,969292,651817,,319951,286616,0.4725

2000,52,21,Maryland,0.5550,0.5580,0.5096,3972224,0.0638,23538,81523,13666,77966,,3649631,2025480,2036455,1145782,813797,0.4153

2000,3,22,Massachusetts,0.5988,0.6057,0.5537,4870470,0.0796,0,0,0,0,,4517052,2704984,2736006,1616487,878502,0.3521

2000,23,23,Michigan,0.5986,0.6052,0.5730,7370524,0.0330,47718,0,0,47718,,7070702,4232501,4279299,2170418,1953139,0.4737

2000,33,24,Minnesota,0.6955,0.7011,0.6640,3662005,0.0367,6238,115906,3072,67263,,3506432,2438657,2458303,1168266,1109659,0.4871

2000,46,25,Mississippi,0.4910,,0.4775,2076861,0.0103,20241,15118,1596,29396,,2024650,994184,,404614,572844,0.5861

2000,34,26,Missouri,0.5824,,0.5622,4190073,0.0181,27382,53299,12563,66595,,4052255,2359892,,1111138,1189924,0.5171

2000,64,27,Montana,0.6157,0.6261,0.6056,676065,0.0092,3105,0,0,3105,,667525,410986,417916,137126,240178,0.6366

2000,35,28,Nebraska,0.5693,0.5777,0.5495,1266496,0.0343,3895,21483,476,15113,,1224178,696983,707223,231780,433862,0.6518

2000,65,29,Nevada,0.4524,0.4557,0.4021,1523209,0.1178,10063,12189,4056,20214,,1346116,608970,613360,279978,301575,0.5186

2000,4,30,New Hampshire,0.6390,0.6497,0.6068,934176,0.0273,2257,0,0,2257,,890622,569081,578656,266348,273559,0.5067

2000,12,31,New Jersey,0.5690,0.5879,0.5012,6356954,0.1100,29784,130610,11709,106798,,5601788,3187226,3293378,1788850,1284173,0.4179

2000,66,32,New Mexico,0.4851,0.4988,0.4537,1318129,0.0638,5342,10461,1670,12243,,1234088,598605,615607,286783,286417,0.4997

2000,13,33,New York,0.5510,0.5622,0.4752,14344348,0.1274,70198,0,57858,128056,,12380208,6821999,6960215,4107697,2403374,0.3691

2000,47,34,North Carolina,0.5068,0.5250,0.4752,6143214,0.0455,31532,105949,3352,87859,,5744241,2911262,3015964,1257692,1631163,0.5646

2000,36,35,North Dakota,0.6031,0.6114,0.5967,482078,0.0117,1076,0,0,1076,,477968,288256,292249,95284,174852,0.6473

2000,24,36,Ohio,0.5672,0.5781,0.5536,8487355,0.0177,45833,0,0,45833,,8295592,4705457,4795989,2186190,2351209,0.5182

2000,53,37,Oklahoma,0.4986,,0.4797,2568304,0.0295,23181,30969,1825,40491,,2475220,1234229,,474276,744337,0.6108

2000,72,38,Oregon,0.6488,0.6595,0.5911,2595354,0.0635,10580,0,0,10580,,2364402,1533968,1559215,720342,713577,0.4976

2000,14,39,Pennsylvania,0.5406,,0.5233,9375146,0.0236,36847,0,0,36847,,9086897,4912185,,2485967,2281127,0.4785

2000,5,40,Rhode Island,0.5422,0.5466,0.5066,804417,0.0695,3286,20922,331,14078,,753877,408783,412074,249508,130555,0.3435

2000,48,41,South Carolina,0.4696,0.4869,0.4571,3025380,0.0222,21778,44632,4378,48472,,2944326,1382717,1433533,565561,785937,0.5815

2000,37,42,South Dakota,0.5766,0.5873,0.5687,554875,0.0122,2616,0,0,2616,,548498,316269,322159,118804,190700,0.6161

2000,54,43,Tennessee,0.4987,0.5045,0.4806,4316391,0.0218,22166,40682,8093,50600,,4162996,2076181,2100241,981720,1061949,0.5196

2000,49,44,Texas,0.4916,0.4916,0.4235,15138468,0.1143,166719,441848,111719,499362,,13033081,6407037,6407637,2433746,3799639,0.6096

2000,67,45,Utah,0.5384,0.5480,0.5033,1534950,0.0612,5632,0,0,5632,,1431668,770754,784582,203053,515096,0.7173

2000,6,46,Vermont,0.6410,0.6471,0.6313,463503,0.0202,0,0,0,0,,459174,294308,297146,149022,119775,0.4456

2000,40,47,Virginia,0.5404,0.5503,0.5086,5389008,0.0558,30168,33955,5148,52294,,5069265,2739447,2789808,1217290,1437490,0.5415

2000,73,48,Washington,0.6070,0.6142,0.5620,4419907,0.0688,14915,154466,160,92308,,4098044,2487433,2517028,1247652,1108864,0.4706

2000,56,49,West Virginia,0.4662,,0.4608,1405021,0.0057,3856,6216,1112,8076,,1390365,648124,,295497,336475,0.5324

2000,25,50,Wisconsin,0.6764,,0.6451,4016401,0.0245,20612,53242,9923,57156,,3842044,2598607,,1242987,1237279,0.4988

2000,68,51,Wyoming,0.5919,0.6140,0.5818,366639,0.0151,1680,4115,514,4252,,361078,213726,221685,60481,147947,0.7098

1998,0,0,United States,0.3809,0.3930,0.3533,205313182,0.0726,1285469,2236975,515924,2919881,2937000,190419570,72537000,74825832,,,

1998,41,1,Alabama,0.4116,,0.4001,3293917,0.0133,22676,40379,5221,48087,,3202052,1317842,,,,

1998,81,2,Alaska,0.5463,0.5557,0.5201,429317,0.0323,4097,4274,478,6712,,408758,223300,227156,,,

1998,61,3,Arizona,0.3148,0.3209,0.2804,3628841,0.0941,25311,51329,3742,54718,,3232815,1017616,1037550,,,

1998,42,4,Arkansas,0.3751,,0.3617,1951741,0.0193,10638,28698,6979,31966,,1882181,706011,,,,

1998,71,5,California,0.4351,0.4473,0.3495,23980067,0.1854,161904,0,108424,270328,,19264556,8381871,8617649,,,

1998,62,6,Colorado,0.4608,,0.4302,3085075,0.0602,14312,0,5204,19516,,2879973,1327235,,,,

1998,1,7,Connecticut,0.4270,0.4368,0.3928,2544417,0.0617,17605,55000,1396,46501,,2340956,999537,1022453,,,

1998,11,8,Delaware,0.3338,,0.3130,576849,0.0343,5558,20030,572,16145,,540896,180527,,,,

1998,55,9,District of Columbia,0.3402,0.3453,0.2993,452668,0.0984,9829,0,0,9829,,398318,135501,137523,,,

1998,43,10,Florida,0.3744,0.3843,0.3304,12001902,0.0996,67224,283965,6487,215694,,10590870,3965751,4070262,,,

1998,44,11,Georgia,0.3366,0.3459,0.3076,5828114,0.0519,39262,278669,20482,199079,,5326337,1792880,1842145,,,

1998,82,12,Hawaii,0.4897,0.4957,0.4475,910645,0.0808,4924,0,0,4924,,832172,407556,412520,,,

1998,63,13,Idaho,0.4518,0.4582,0.4253,896422,0.0352,4083,31172,1309,20978,,843914,381248,386720,,,

1998,21,14,Illinois,0.4097,0.4274,0.3742,9070725,0.0818,43051,0,0,43051,,8285614,3394521,3541379,,,

1998,22,15,Indiana,0.3653,0.3722,0.3564,4457578,0.0201,19197,0,0,19197,,4348730,1588617,1618689,,,

1998,31,16,Iowa,0.4528,0.4607,0.4393,2176940,0.0211,7394,18447,2194,18812,,2112132,956415,973032,,,

1998,32,17,Kansas,0.3882,0.3968,0.3719,1955236,0.0346,8183,0,6025,14208,,1873438,727236,743288,,,

1998,51,18,Kentucky,0.3908,0.4146,0.3819,2999287,0.0134,14987,17594,4508,28292,,2930780,1145414,1215053,,,

1998,45,19,Louisiana,0.3129,0.3197,0.3013,3216121,0.0158,32228,33028,18759,67501,,3097660,969165,990243,,,

1998,2,20,Maine,0.5159,,0.5082,957916,0.0150,0,0,0,0,,943577,486808,,,,

1998,52,21,Maryland,0.4301,0.4360,0.3960,3879108,0.0595,22572,78051,15528,77126,,3571087,1535978,1556994,,,

1998,3,22,Massachusetts,0.4296,0.4368,0.3970,4793966,0.0757,0,0,0,0,,4430939,1903336,1935277,,,

1998,23,23,Michigan,0.4335,0.4487,0.4174,7276123,0.0309,45879,0,0,45879,,7005306,3036886,3143432,,,

1998,33,24,Minnesota,0.6192,0.6232,0.5884,3555108,0.0332,5572,100818,2995,58976,,3378089,2091766,2105343,,,

1998,46,25,Mississippi,0.2760,,0.2702,2038324,0.0094,16678,11530,1489,23932,,1995283,550694,,,,

1998,34,26,Missouri,0.3964,,0.3840,4106478,0.0166,24974,49992,10366,60336,,3978146,1576857,,,,

1998,64,27,Montana,0.5070,0.5179,0.5004,662582,0.0088,2734,0,0,2734,,653998,331551,338733,,,

1998,35,28,Nebraska,0.4551,0.4856,0.4370,1247656,0.0298,3676,16527,624,12564,,1197953,545238,581775,,,

1998,65,29,Nevada,0.3533,0.3568,0.3106,1402851,0.1066,9651,12561,4055,19987,,1233386,435790,440042,,,

1998,4,30,New Hampshire,0.3630,0.3763,0.3530,903630,0.0254,2169,0,0,2169,,878508,318940,330555,,,

1998,12,31,New Jersey,0.3293,0.3441,0.2896,6261197,0.1033,31121,129377,13218,109028,,5505229,1813094,1894496,,,

1998,66,32,New Mexico,0.4158,0.4314,0.3878,1286104,0.0582,4985,10397,1773,11957,,1199320,498703,517355,,,

1998,13,33,New York,0.3861,0.4069,0.3349,14139223,0.1235,70001,0,59548,129549,,12263356,4735236,4989877,,,

1998,47,34,North Carolina,0.3578,,0.3383,5948653,0.0393,31961,105227,5806,90381,,5624292,2012143,,,,

1998,36,35,North Dakota,0.4486,0.4575,0.4428,481790,0.0109,915,0,0,915,,475629,213358,217584,,,

1998,24,36,Ohio,0.4133,0.4291,0.4041,8424249,0.0164,48450,0,0,48450,,8237516,3404351,3534782,,,

1998,53,37,Oklahoma,0.3617,,0.3469,2518285,0.0263,20892,29093,1532,36971,,2415036,873585,,,,

1998,72,38,Oregon,0.4715,0.4895,0.4424,2526500,0.0583,8927,0,0,8927,,2370381,1117747,1160400,,,

1998,14,39,Pennsylvania,0.3333,,0.3248,9314795,0.0217,36377,0,0,36377,,9075961,3025152,,,,

1998,5,40,Rhode Island,0.4234,0.4281,0.3875,790726,0.0665,3445,21049,432,14402,,723772,306445,309835,,,

1998,48,41,South Carolina,0.3813,0.3867,0.3675,2931120,0.0193,21764,46482,4404,49409,,2825173,1077135,1092430,,,

1998,37,42,South Dakota,0.4902,0.4981,0.4826,543074,0.0109,2422,0,0,2422,,534711,262111,266355,,,

1998,54,43,Tennessee,0.2385,0.2507,0.2315,4217608,0.0190,17738,38924,7605,44805,,4092745,976236,1026017,,,

1998,49,44,Texas,0.2993,,0.2577,14504988,0.1061,144510,443688,109820,476174,,12490423,3738078,,,,

1998,67,45,Utah,0.3581,0.3665,0.3373,1467078,0.0550,4453,0,0,4453,,1381989,494909,506553,,,

1998,6,46,Vermont,0.4904,0.5045,0.4809,453574,0.0194,0,0,0,0,,444772,218120,224382,,,

1998,40,47,Virginia,0.2344,,0.2200,5222121,0.0516,30276,30576,6700,52264,,4900523,1148861,,,,

1998,73,48,Washington,0.4840,0.4934,0.4430,4294765,0.0637,14161,152140,375,90606,,3930400,1902482,1939421,,,

1998,56,49,West Virginia,0.2530,0.2918,0.2503,1403549,0.0055,3478,6511,975,7709,,1388176,351277,405139,,,

1998,25,50,Wisconsin,0.4632,,0.4463,3945060,0.0224,18613,54232,9282,55011,,3801514,1760836,,,,

1998,68,51,Wyoming,0.4995,0.5095,0.4870,359119,0.0141,1571,3825,448,3932,,350136,174888,178401,,,

1996,0,0,United States,0.5166,,0.4813,200015917,0.0679,1162253,1865990,491165,2586413,2499256,186347044,96262935,,47401185,39197469,0.4526

1996,41,1,Alabama,0.4880,,0.4754,3227688,0.0117,21760,37865,4966,45659,,3144249,1534349,,662165,769044,0.5373

1996,81,2,Alaska,0.5978,0.6067,0.5703,423702,0.0311,3716,3999,642,6358,,404180,241620,245212,78294,122746,0.6106

1996,61,3,Arizona,0.4560,0.4647,0.4113,3414380,0.0843,22493,40607,3785,46582,,3079908,1404405,1431342,653288,622073,0.4878

1996,42,4,Arkansas,0.4794,,0.4646,1903094,0.0163,9407,25178,5459,27455,,1844689,884262,,475171,325416,0.4065

1996,71,5,California,0.5374,0.5505,0.4342,23076427,0.1814,146049,0,99578,245627,,18644593,10019484,10263490,5119835,3828380,0.4278

1996,62,6,Colorado,0.5453,,0.5139,2939929,0.0523,12483,0,3294,15777,,2770252,1510704,,671152,691848,0.5076

1996,1,7,Connecticut,0.5959,0.6036,0.5508,2528212,0.0581,15007,55978,1083,44079,,2337160,1392614,1410746,735740,483109,0.3964

1996,11,8,Delaware,0.5123,0.5248,0.4839,559598,0.0304,5110,16528,591,13965,,528630,270810,277418,140355,99062,0.4138

1996,55,9,District of Columbia,0.4657,0.4744,0.4126,450182,0.0932,9376,0,0,9376,,398839,185726,189210,158220,17339,0.0988

1996,43,10,Florida,0.5187,0.5327,0.4606,11509122,0.0954,63763,237117,9243,191565,,10219294,5300927,5444245,2546870,2244536,0.4685

1996,44,11,Georgia,0.4437,0.4583,0.4138,5555577,0.0443,35139,143457,21146,128014,,5181708,2298899,2374650,1053849,1080843,0.5063

1996,82,12,Hawaii,0.4391,0.4515,0.4020,895753,0.0800,4011,0,0,4011,,820055,360120,370230,205012,113943,0.3572

1996,63,13,Idaho,0.5931,0.6155,0.5715,856420,0.0318,3832,0,0,3832,,825329,489481,508030,165443,256595,0.6080

1996,21,14,Illinois,0.5248,0.5378,0.4829,8927254,0.0754,38852,0,0,38852,,8215662,4311391,4418270,2341744,1587021,0.4039

1996,22,15,Indiana,0.4963,0.5102,0.4856,4397367,0.0177,16960,0,0,16960,,4302745,2135431,2195224,887424,1006693,0.5315

1996,31,16,Iowa,0.5881,0.5967,0.5728,2154320,0.0185,6342,15386,2200,16235,,2098332,1234075,1251983,620258,492644,0.4427

1996,32,17,Kansas,0.5728,0.5782,0.5531,1922601,0.0303,7756,0,0,7756,,1856507,1063452,1073520,387659,583245,0.6007

1996,51,18,Kentucky,0.4821,0.4928,0.4726,2938362,0.0116,12910,11689,4621,23376,,2880808,1388707,1419592,636614,623283,0.4947

1996,45,19,Louisiana,0.5778,0.5845,0.5640,3163302,0.0154,26776,0,0,26776,,3087693,1783959,1804640,927837,712586,0.4344

1996,2,20,Maine,0.6515,,0.6418,944106,0.0150,0,0,0,0,,929970,605897,,312788,186378,0.3734

1996,52,21,Maryland,0.5045,0.5082,0.4665,3817454,0.0560,22050,70553,16246,73573,,3530148,1780870,1793991,966207,681530,0.4136

1996,3,22,Massachusetts,0.5836,0.5930,0.5418,4723380,0.0716,0,0,0,0,,4385268,2559180,2600278,1571763,718107,0.3136

1996,23,23,Michigan,0.5535,0.5626,0.5344,7201527,0.0285,42349,0,0,42349,,6954059,3848844,3912261,1989653,1481212,0.4268

1996,33,24,Minnesota,0.6605,0.6661,0.6313,3473117,0.0291,5158,90202,2377,52636,,3319509,2192640,2211161,1120438,766476,0.4062

1996,46,25,Mississippi,0.4586,,0.4500,1986327,0.0084,13859,10376,1326,20373,,1949309,893857,,394022,439838,0.5275

1996,34,26,Missouri,0.5505,,0.5347,4035666,0.0147,22003,42386,13087,56283,,3919885,2158065,,1025935,890016,0.4645

1996,64,27,Montana,0.6311,0.6468,0.6234,652991,0.0086,2293,0,0,2293,,645052,407083,417232,167922,179652,0.5169

1996,35,28,Nebraska,0.5702,0.5781,0.5507,1230047,0.0251,3287,14363,688,11157,,1188034,677415,686749,236761,363467,0.6055

1996,65,29,Nevada,0.4094,0.4124,0.3651,1271617,0.0952,8439,9760,3216,16535,,1134065,464279,467657,203974,199244,0.4941

1996,4,30,New Hampshire,0.5835,0.6006,0.5680,878569,0.0242,2062,0,0,2062,,855287,499053,513700,246214,196532,0.4439

1996,12,31,New Jersey,0.5637,0.5691,0.5000,6152216,0.0960,27490,125881,14545,104976,,5456334,3075860,3105110,1652329,1103078,0.4003

1996,66,32,New Mexico,0.4744,0.4946,0.4450,1249597,0.0534,4724,8903,1426,10602,,1172262,556074,579763,273495,232751,0.4598

1996,13,33,New York,0.5187,0.5288,0.4530,13942462,0.1176,69709,0,57137,126846,,12175850,6316129,6439129,3756177,1933492,0.3398

1996,47,34,North Carolina,0.4628,,0.4400,5717844,0.0328,30647,102483,12358,94247,,5435970,2515807,,1107849,1225938,0.5253

1996,36,35,North Dakota,0.5598,0.5712,0.5533,481497,0.0101,722,0,0,722,,475898,266411,271850,106905,125050,0.5391

1996,24,36,Ohio,0.5539,0.5666,0.5420,8366250,0.0153,46174,0,6331,52505,,8185999,4534434,4638108,2148222,1859883,0.4640

1996,53,37,Oklahoma,0.5095,0.5144,0.4902,2461718,0.0234,19593,28090,2159,35797,,2368311,1206713,1218248,488105,582315,0.5440

1996,72,38,Oregon,0.5967,0.6060,0.5634,2445442,0.0522,8661,0,0,8661,,2309051,1377760,1399180,649641,538152,0.4531

1996,14,39,Pennsylvania,0.4972,,0.4854,9283893,0.0200,34537,0,0,34537,,9063470,4506118,,2215819,1801169,0.4484

1996,5,40,Rhode Island,0.5442,,0.4995,781307,0.0643,3271,20446,573,14067,,717041,390247,,233050,104683,0.3100

1996,48,41,South Carolina,0.4216,0.4407,0.4076,2825088,0.0168,20446,42417,5036,46691,,2731064,1151422,1203486,504051,573458,0.5322

1996,37,42,South Dakota,0.6112,0.6216,0.6030,537038,0.0096,2063,0,0,2063,,529793,323826,329316,139333,150543,0.5193

1996,54,43,Tennessee,0.4754,,0.4627,4094014,0.0163,15626,37002,8934,43061,,3984092,1894105,,909146,863530,0.4871

1996,49,44,Texas,0.4648,,0.4041,13887542,0.0976,132383,429329,112594,459642,,12072149,5611644,,2459683,2736167,0.5266

1996,67,45,Utah,0.5016,0.5208,0.4775,1394017,0.0481,0,0,0,0,,1326919,665629,691016,221633,361911,0.6202

1996,6,46,Vermont,0.5932,0.6001,0.5823,443874,0.0184,0,0,0,0,,435687,258449,261469,137894,80352,0.3682

1996,40,47,Virginia,0.5023,0.5130,0.4733,5106297,0.0474,27655,29620,9918,52383,,4811632,2416642,2468229,1091060,1138350,0.5106

1996,73,48,Washington,0.5886,0.5990,0.5435,4147127,0.0583,12527,125780,560,75977,,3829308,2253867,2293895,1123323,840712,0.4281

1996,56,49,West Virginia,0.4590,0.4712,0.4545,1400343,0.0052,2749,5669,869,6453,,1386621,636459,653331,327812,233946,0.4165

1996,25,50,Wisconsin,0.5836,,0.5650,3886906,0.0203,12991,47292,8222,44859,,3763240,2196169,,1071971,845029,0.4408

1996,68,51,Wyoming,0.6131,0.6254,0.5988,353354,0.0132,1499,3432,364,3579,,345112,211571,215844,77934,105388,0.5749

1994,0,0,United States,0.4113,0.0000,0.3846,195258350,0.0636,1037855,1778797,513686,2440940,2228514,182623348,75105860,,,,

1994,41,1,Alabama,0.3883,,0.3791,3170782,0.0101,19573,32284,7235,42950,,3095745,1201969,,,,

1994,81,2,Alaska,0.5343,0.5424,0.5117,417053,0.0299,3292,2899,412,5154,,399435,213404,216668,,,

1994,61,3,Arizona,0.3906,0.3989,0.3564,3169857,0.0746,19746,34365,4351,41280,,2892171,1129607,1153724,,,

1994,42,4,Arkansas,0.3980,,0.3876,1849361,0.0133,8643,19606,5224,23670,,1801161,716840,,,,

1994,71,5,California,0.4686,0.4817,0.3811,22721586,0.1774,125605,0,85082,210687,,18479124,8658881,8900593,,,

1994,62,6,Colorado,0.4215,0.4429,0.4007,2785952,0.0445,10717,0,2463,13180,,2648684,1116307,1173130,,,

1994,1,7,Connecticut,0.4911,0.4983,0.4561,2515100,0.0546,14380,53453,1146,42253,,2335579,1147084,1163829,,,

1994,11,8,Delaware,0.3880,0.3929,0.3682,540474,0.0264,4466,15507,1029,13249,,512941,199029,201560,,,

1994,55,9,District of Columbia,0.4459,0.4523,0.3961,463680,0.0881,10949,0,0,10949,,411886,183649,186316,,,

1994,43,10,Florida,0.4288,0.4389,0.3818,11016840,0.0913,57168,247014,20573,201248,,9810247,4206659,4305340,,,

1994,44,11,Georgia,0.3104,,0.2919,5293282,0.0366,33425,140694,17505,121277,,4978431,1545328,,,,

1994,82,12,Hawaii,0.4562,0.4661,0.4183,882189,0.0793,3333,0,0,3333,,808904,369013,377011,,,

1994,63,13,Idaho,0.5272,0.5348,0.5103,809957,0.0285,2811,0,0,2811,,784076,413346,419330,,,

1994,21,14,Illinois,0.3800,0.3938,0.3522,8819582,0.0689,36531,0,0,36531,,8175312,3106566,3219122,,,

1994,22,15,Indiana,0.3645,0.3800,0.3577,4315664,0.0152,15014,0,0,15014,,4235008,1543568,1609481,,,

1994,31,16,Iowa,0.4800,0.4921,0.4686,2128370,0.0158,5437,15902,3696,17084,,2077709,997248,1022372,,,

1994,32,17,Kansas,0.4467,0.4551,0.4335,1893521,0.0261,6371,0,0,6371,,1837694,820846,836251,,,

1994,51,18,Kentucky,0.2771,0.2924,0.2724,2879413,0.0099,11066,11417,4380,21155,,2829881,784299,827541,,,

1994,45,19,Louisiana,0.2721,0.2941,0.2659,3109456,0.0150,24063,0,0,24063,,3038660,826837,893758,,,

1994,2,20,Maine,0.5573,,0.5490,932164,0.0150,0,0,0,0,,918204,511733,,,,

1994,52,21,Maryland,0.4052,0.4130,0.3759,3751305,0.0525,20998,76940,14795,74263,,3480270,1410299,1437450,,,

1994,3,22,Massachusetts,0.5008,0.5128,0.4670,4668100,0.0674,0,0,0,0,,4353287,2179945,2232186,,,

1994,23,23,Michigan,0.4505,0.4635,0.4362,7081498,0.0261,40631,0,0,40631,,6856388,3089077,3177740,,,

1994,33,24,Minnesota,0.5449,0.5515,0.5237,3385687,0.0249,4575,81972,1904,47465,,3253779,1772929,1794618,,,

1994,46,25,Mississippi,0.3194,0.3262,0.3142,1935054,0.0074,10930,9042,1519,16970,,1903794,608085,621096,,,

1994,34,26,Missouri,0.4600,,0.4484,3958762,0.0129,17898,36295,12592,48638,,3858946,1775116,,,,

1994,64,27,Montana,0.5631,0.5777,0.5568,629335,0.0085,1764,0,0,1764,,622246,350387,359455,,,

1994,35,28,Nebraska,0.4977,0.5098,0.4822,1201826,0.0204,2711,18639,771,12802,,1164502,579561,593654,,,

1994,65,29,Nevada,0.3686,0.3744,0.3328,1143487,0.0838,6993,9410,3529,15227,,1032456,380530,386582,,,

1994,4,30,New Hampshire,0.3759,0.3851,0.3664,851104,0.0229,2021,0,0,2021,,829590,311882,319443,,,

1994,12,31,New Jersey,0.3811,0.3952,0.3391,6059401,0.0888,24632,125299,41802,129084,,5392423,2054887,2131328,,,

1994,66,32,New Mexico,0.4145,0.4305,0.3913,1195183,0.0486,3712,8063,1078,8822,,1128243,467621,485709,,,

1994,13,33,New York,0.4268,0.4368,0.3754,13861352,0.1117,66750,0,53832,120582,,12192316,5203762,5325323,,,

1994,47,34,North Carolina,0.3028,,0.2899,5477604,0.0263,23648,90418,20159,89016,,5244552,1588190,,,,

1994,36,35,North Dakota,0.5044,0.5127,0.4991,473993,0.0094,563,0,0,563,,468989,236547,240430,,,

1994,24,36,Ohio,0.4226,0.4354,0.4145,8292312,0.0141,43074,0,0,43074,,8132122,3436884,3540954,,,

1994,53,37,Oklahoma,0.4275,0.4307,0.4128,2410272,0.0205,16631,28285,2604,33378,,2327519,995012,1002363,,,

1994,72,38,Oregon,0.5477,0.5626,0.5208,2344505,0.0462,6936,0,0,6936,,2229242,1221010,1254265,,,

1994,14,39,Pennsylvania,0.3965,,0.3880,9241090,0.0183,28302,0,0,28302,,9043585,3585526,,,,

1994,5,40,Rhode Island,0.5047,,0.4653,776723,0.0620,2919,18179,525,12534,,716002,361377,,,,

1994,48,41,South Carolina,0.3510,0.3573,0.3402,2747987,0.0142,18999,40005,6077,45079,,2663830,934886,951901,,,

1994,37,42,South Dakota,0.6006,0.6131,0.5937,524910,0.0084,1708,0,0,1708,,518815,311613,318090,,,

1994,54,43,Tennessee,0.3862,,0.3769,3945407,0.0137,14401,34896,9353,41202,,3850228,1487130,,,,

1994,49,44,Texas,0.3751,,0.3297,13334014,0.0892,118195,396276,108563,424896,,11719888,4396242,,,,

1994,67,45,Utah,0.4147,0.4266,0.3975,1302522,0.0413,0,0,0,0,,1248726,517790,532737,,,

1994,6,46,Vermont,0.4953,0.5076,0.4866,434549,0.0175,0,0,0,0,,426953,211449,216715,,,

1994,40,47,Virginia,0.4360,,0.4129,4983515,0.0433,26968,24089,9649,48662,,4718968,2057463,,,,

1994,73,48,Washington,0.4576,0.4666,0.4257,3994036,0.0529,10833,110279,1650,67623,,3715174,1700173,1733471,,,

1994,56,49,West Virginia,0.3052,0.3187,0.3023,1392499,0.0049,1930,5992,1380,6306,,1379339,420936,439551,,,

1994,25,50,Wisconsin,0.4240,,0.4118,3801543,0.0181,10022,45901,7065,40038,,3692668,1565628,,,,

1994,68,51,Wyoming,0.5985,0.6054,0.5855,344492,0.0123,1217,3367,313,3214,,337032,201710,204025,,,

1992,0,0,United States,0.5811,0.0000,0.5473,190777923,0.0595,866945,1648767,491856,2183185,2417648,179655523,104405155,,44909806,39104550,0.4655

1992,41,1,Alabama,0.5570,,0.5451,3096959,0.0085,17453,31188,6934,39981,,3030549,1688060,,690080,804283,0.5382

1992,81,2,Alaska,0.6630,0.6705,0.6357,406653,0.0287,2865,3014,710,5082,,389898,258506,261427,78294,102000,0.5657

1992,61,3,Arizona,0.5565,0.5675,0.5132,2897181,0.0648,16477,34647,3588,37389,,2671933,1486975,1516276,543050,572086,0.5130

1992,42,4,Arkansas,0.5429,,0.5313,1789420,0.0103,8285,16448,3460,19969,,1751083,950653,,505823,337324,0.4001

1992,71,5,California,0.6030,0.6162,0.4931,22573381,0.1735,109496,0,87725,197221,,18460157,11131721,11374565,5121325,3630574,0.4148

1992,62,6,Colorado,0.6289,0.6401,0.6030,2602217,0.0367,8997,0,2634,11631,,2494998,1569180,1597166,629681,562850,0.4720

1992,1,7,Connecticut,0.6858,0.6982,0.6410,2521774,0.0510,11403,48567,483,36170,,2356937,1616332,1645609,682318,578313,0.4587

1992,11,8,Delaware,0.5803,0.5825,0.5533,523661,0.0225,4062,14887,1120,12626,,499266,289735,290836,126054,102313,0.4480

1992,55,9,District of Columbia,0.5328,0.5419,0.4765,477564,0.0830,10845,0,0,10845,,427102,227572,231445,192619,20698,0.0970

1992,43,10,Florida,0.5590,0.5721,0.5018,10591116,0.0871,48302,200471,14021,162559,,9506230,5314392,5438612,2072698,2173310,0.5118

1992,44,11,Georgia,0.4848,,0.4588,5037354,0.0289,25290,153154,23020,124887,,4766958,2311253,,1008966,995252,0.4966

1992,82,12,Hawaii,0.4689,0.4815,0.4305,866114,0.0786,2926,0,0,2926,,795148,372842,382882,179310,136822,0.4328

1992,63,13,Idaho,0.6561,0.6691,0.6377,756119,0.0251,2256,0,0,2256,,734855,482142,491725,137013,202645,0.5966

1992,21,14,Illinois,0.6224,0.6365,0.5813,8688184,0.0625,31640,0,0,31640,,8113900,5050157,5164357,2453350,1734096,0.4141

1992,22,15,Indiana,0.5539,0.5640,0.5450,4230602,0.0128,13945,0,0,13945,,4162678,2305871,2347912,848420,989375,0.5383

1992,31,16,Iowa,0.6583,0.6614,0.6454,2098809,0.0131,4518,14084,2065,13625,,2057690,1354607,1360856,586353,504891,0.4627

1992,32,17,Kansas,0.6391,0.6412,0.6231,1857444,0.0219,6028,0,0,6028,,1810750,1157335,1161044,390434,449951,0.5354

1992,51,18,Kentucky,0.5384,,0.5304,2814763,0.0081,10364,10750,3684,19423,,2772600,1492900,,665104,617178,0.4813

1992,45,19,Louisiana,0.5972,0.6004,0.5844,3063068,0.0146,20980,0,0,20980,,2997301,1790017,1799596,815971,733386,0.4733

1992,2,20,Maine,0.7426,,0.7314,928998,0.0150,0,0,0,0,,915082,679499,,263420,206504,0.4394

1992,52,21,Maryland,0.5770,0.5812,0.5372,3695298,0.0489,19977,82948,13058,74509,,3440015,1985046,1999486,988571,707094,0.4170

1992,3,22,Massachusetts,0.6381,0.6494,0.5977,4640629,0.0633,0,0,0,0,,4346897,2773700,2822962,1318662,805049,0.3791

1992,23,23,Michigan,0.6299,0.6398,0.6115,6990822,0.0236,39113,0,0,39113,,6786593,4274673,4341909,1871182,1554940,0.4538

1992,33,24,Minnesota,0.7367,0.7391,0.7119,3298080,0.0208,3822,72938,1901,42192,,3187255,2347948,2355796,1020997,747841,0.4228

1992,46,25,Mississippi,0.5293,0.5435,0.5216,1882100,0.0064,8905,8031,2357,15278,,1854797,981793,1008019,400258,487793,0.5493

1992,34,26,Missouri,0.6306,,0.6164,3880005,0.0111,16195,32692,11671,44212,,3792675,2391565,,1053873,811159,0.4349

1992,64,27,Montana,0.6920,0.7037,0.6845,599859,0.0083,1548,0,0,1548,,593345,410611,417564,154507,144207,0.4828

1992,35,28,Nebraska,0.6416,0.6477,0.6256,1178965,0.0157,2514,15386,697,10904,,1149525,737546,744548,217344,344346,0.6131

1992,65,29,Nevada,0.5386,0.5461,0.4925,1028056,0.0724,6049,8533,3246,13562,,940066,506318,513387,189148,175828,0.4818

1992,4,30,New Hampshire,0.6607,0.6696,0.6450,833997,0.0217,1777,0,0,1777,,814160,537943,545197,209040,202484,0.4920

1992,12,31,New Jersey,0.6193,0.6202,0.5572,6000364,0.0815,22653,108093,36120,112820,,5398559,3343594,3348312,1436206,1356865,0.4858

1992,66,32,New Mexico,0.5310,0.5505,0.5039,1131081,0.0438,3271,6921,1331,8063,,1073421,569986,590901,261617,212824,0.4486

1992,13,33,New York,0.5665,0.5781,0.5020,13799670,0.1058,61736,0,50004,111740,,12227775,6926925,7068630,3444450,2346649,0.4052

1992,47,34,North Carolina,0.5144,,0.4966,5259564,0.0198,20454,86371,14415,78055,,5077494,2611850,,1114042,1134661,0.5046

1992,36,35,North Dakota,0.6660,0.6813,0.6596,467130,0.0086,477,0,0,477,,462631,308133,315199,99168,136244,0.5787

1992,24,36,Ohio,0.6126,0.6254,0.6018,8208502,0.0130,38378,0,0,38378,,8063595,4939967,5043094,1984942,1894310,0.4883

1992,53,37,Oklahoma,0.6061,0.6346,0.5876,2366029,0.0176,14821,25902,2758,30530,,2293931,1390359,1455635,473066,592929,0.5562

1992,72,38,Oregon,0.6819,0.6989,0.6525,2241507,0.0402,6583,0,0,6583,,2144867,1462643,1498959,621314,475757,0.4337

1992,14,39,Pennsylvania,0.5493,,0.5387,9188416,0.0166,24974,0,0,24974,,9010940,4949810,,2239164,1791841,0.4445

1992,5,40,Rhode Island,0.6284,,0.5819,779266,0.0598,2775,15585,483,11051,,721593,453471,,213299,131601,0.3816

1992,48,41,South Carolina,0.4606,0.4729,0.4481,2683852,0.0117,18643,35587,5325,41762,,2610725,1202527,1234712,479514,577507,0.5464

1992,37,42,South Dakota,0.6675,,0.6608,508841,0.0071,1487,0,0,1487,,503759,336254,,124888,136718,0.5226

1992,54,43,Tennessee,0.5321,,0.5202,3811036,0.0110,11849,38614,11819,42975,,3726024,1982638,,933521,841300,0.4740

1992,49,44,Texas,0.5419,,0.4827,12747860,0.0808,60467,360702,121141,361959,,11356487,6154018,,2281815,2496071,0.5224

1992,67,45,Utah,0.6401,0.6753,0.6180,1203861,0.0345,0,0,0,0,,1162363,743999,784988,183429,322632,0.6375

1992,6,46,Vermont,0.6901,0.6975,0.6787,426860,0.0165,0,0,0,0,,419810,289701,292797,133592,88122,0.3975

1992,40,47,Virginia,0.5536,,0.5268,4856799,0.0392,21199,23510,11372,44326,,4622125,2558665,,1038650,1150517,0.5256

1992,73,48,Washington,0.6399,0.6502,0.5979,3827227,0.0475,9959,103837,7850,69728,,3575852,2288230,2324907,993037,731234,0.4241

1992,56,49,West Virginia,0.5008,,0.4965,1377282,0.0047,1674,5688,988,5506,,1365368,683762,,331001,241974,0.4223

1992,25,50,Wisconsin,0.6993,,0.6818,3712414,0.0159,8191,40424,5560,33963,,3619273,2531114,,1041066,930855,0.4721

1992,68,51,Wyoming,0.6187,0.6279,0.6058,331170,0.0115,1063,3310,404,3122,,324253,200617,203602,68160,79347,0.5379

1990,0,0,United States,0.3842,0.0000,0.3645,186158841,0.0553,761106,1489999,395140,1901246,2659455,176629259,67859189,,,,

1990,41,1,Alabama,0.4113,,0.4036,3012797,0.0069,15665,27686,5970,35478,,2956385,1215889,,,,

1990,81,2,Alaska,0.5344,0.5421,0.5127,379863,0.0275,2622,3599,568,4990,,364419,194750,197540,,,

1990,61,3,Arizona,0.4182,0.4338,0.3901,2705468,0.0551,14861,30397,2711,32771,,2523614,1055406,1094735,,,

1990,42,4,Arkansas,0.4069,,0.3995,1742746,0.0073,7322,15983,3971,19285,,1710799,696209,,,,

1990,71,5,California,0.4241,0.4351,0.3490,22061053,0.1695,97309,0,67562,164871,,18156500,7699420,7899131,,,

1990,62,6,Colorado,0.4318,0.4420,0.4176,2447513,0.0289,7671,0,2396,10067,,2366650,1022027,1046139,,,

1990,1,7,Connecticut,0.4787,0.4864,0.4495,2538398,0.0475,10500,46640,291,34111,,2383795,1141101,1159361,,,

1990,11,8,Delaware,0.3701,0.3780,0.3553,507016,0.0185,3471,12223,1283,10866,,486760,180152,183977,,,

1990,55,9,District of Columbia,0.3827,0.3886,0.3452,489808,0.0778,9947,0,0,9947,,441742,169066,171677,,,

1990,43,10,Florida,0.3861,,0.3483,10137720,0.0829,44387,210781,2064,151842,,9145312,3530871,,,,

1990,44,11,Georgia,0.3159,,0.3018,4803269,0.0212,22411,134840,22646,112477,,4588953,1449652,,,,

1990,82,12,Hawaii,0.4536,0.4594,0.4169,838633,0.0778,2533,0,0,2533,,770836,349666,354144,,,

1990,63,13,Idaho,0.4645,0.4757,0.4531,707535,0.0218,1961,0,0,1961,,690154,320610,328340,,,

1990,21,14,Illinois,0.4057,0.4260,0.3817,8535069,0.0560,27516,0,0,27516,,8029525,3257410,3420720,,,

1990,22,15,Indiana,0.3683,0.3839,0.3634,4135602,0.0103,12736,0,0,12736,,4080236,1502687,1566371,,,

1990,31,16,Iowa,0.4845,0.4948,0.4764,2065490,0.0104,3967,13895,2111,13026,,2030935,983933,1004908,,,

1990,32,17,Kansas,0.4408,0.4515,0.4316,1821368,0.0177,5775,0,0,5775,,1783412,786096,805251,,,

1990,51,18,Kentucky,0.3365,,0.3324,2755670,0.0063,9023,7482,3183,15947,,2722356,916010,,,,

1990,45,19,Louisiana,0.4718,,0.4622,3020682,0.0142,18599,0,0,18599,,2959148,1396113,,,,

1990,2,20,Maine,0.5732,,0.5646,924839,0.0150,0,0,0,0,,910982,522181,,,,

1990,52,21,Maryland,0.3271,0.3447,0.3059,3632477,0.0454,17848,82898,11192,70489,,3397126,1111088,1170867,,,

1990,3,22,Massachusetts,0.5341,0.5530,0.5025,4660342,0.0592,0,0,0,0,,4384671,2341990,2424579,,,

1990,23,23,Michigan,0.3832,0.3947,0.3731,6872954,0.0212,34267,0,0,34267,,6693069,2564563,2641649,,,

1990,33,24,Minnesota,0.5760,0.5876,0.5602,3225335,0.0167,3176,59323,1873,34711,,3136830,1806777,1843104,,,

1990,46,25,Mississippi,0.2020,,0.1992,1850099,0.0054,8375,8221,3478,15964,,1824156,368502,,,,

1990,34,26,Missouri,0.3616,,0.3540,3821136,0.0093,14943,42322,9196,45300,,3740308,1352552,,,,

1990,64,27,Montana,0.5573,0.5700,0.5514,579158,0.0081,1425,0,0,1425,,573045,319336,326652,,,

1990,35,28,Nebraska,0.5247,0.5339,0.5142,1154859,0.0110,2403,14654,632,10362,,1131746,593828,604195,,,

1990,65,29,Nevada,0.3738,0.3799,0.3462,926572,0.0610,5322,7700,2850,12022,,858018,320743,325959,,,

1990,4,30,New Hampshire,0.3619,0.3778,0.3540,832887,0.0204,1342,0,0,1342,,814549,294819,307700,,,

1990,12,31,New Jersey,0.3570,0.3682,0.3257,5951541,0.0742,21128,72341,23298,80597,,5429251,1938454,1998894,,,

1990,66,32,New Mexico,0.4005,0.4183,0.3820,1076522,0.0391,3187,6294,1224,7558,,1026902,411236,429509,,,

1990,13,33,New York,0.3306,0.3496,0.2952,13742688,0.0999,54895,0,42837,97732,,12271903,4056896,4290261,,,

1990,47,34,North Carolina,0.4190,,0.4079,5073437,0.0133,18411,77829,9883,67209,,4938968,2069585,,,,

1990,36,35,North Dakota,0.5068,0.5205,0.5022,465851,0.0079,483,0,0,483,,461711,233973,240301,,,

1990,24,36,Ohio,0.4360,0.4539,0.4292,8103382,0.0118,31822,0,0,31822,,7975680,3477650,3620469,,,

1990,53,37,Oklahoma,0.4047,0.4129,0.3939,2313340,0.0147,12285,24411,3236,27727,,2251719,911314,929639,,,

1990,72,38,Oregon,0.5408,0.5506,0.5207,2137314,0.0341,6492,0,0,6492,,2057833,1112847,1133125,,,

1990,14,39,Pennsylvania,0.3406,,0.3347,9120122,0.0149,22290,0,0,22290,,8962083,3052760,,,,

1990,5,40,Rhode Island,0.5021,0.5174,0.4665,780448,0.0576,2392,15366,321,10396,,725084,364052,375188,,,

1990,48,41,South Carolina,0.2999,0.3128,0.2929,2598170,0.0092,17319,32287,3543,37006,,2537384,760965,793614,,,

1990,37,42,South Dakota,0.5233,,0.5189,499072,0.0058,1341,0,0,1341,,494849,258976,,,,

1990,54,43,Tennessee,0.2181,,0.2140,3693970,0.0084,10388,32719,11327,38075,,3624940,790441,,,,

1990,49,44,Texas,0.3528,,0.3182,12232761,0.0723,50042,308357,109726,313947,,11034190,3892746,,,,

1990,67,45,Utah,0.4072,0.4217,0.3959,1116922,0.0276,0,0,0,0,,1086050,442213,457983,,,

1990,6,46,Vermont,0.5088,0.5231,0.5008,422130,0.0156,0,0,0,0,,415564,211422,217384,,,

1990,40,47,Virginia,0.2555,,0.2445,4715129,0.0351,17593,21303,9048,37293,,4512504,1152854,,,,

1990,73,48,Washington,0.3838,0.3983,0.3614,3634031,0.0420,7995,84817,9615,60019,,3421256,1313217,1362651,,,

1990,56,49,West Virginia,0.3000,,0.2976,1358773,0.0044,1565,5059,1000,5095,,1347723,404305,,,,

1990,25,50,Wisconsin,0.3896,,0.3814,3617625,0.0138,7465,29370,4099,26249,,3541548,1379727,,,,

1990,68,51,Wyoming,0.5116,0.5250,0.5015,319255,0.0106,1110,2980,313,2913,,312961,160109,164309,,,

1988,0,0,United States,0.5277,0.0000,0.5034,181955484,0.0512,616785,1319935,317223,1593976,2527370,173579281,91594691,,41809476,48886597,0.5390

1988,41,1,Alabama,0.4751,,0.4673,2949934,0.0062,12610,25301,4701,29962,,2901744,1378476,,549506,815576,0.5975

1988,81,2,Alaska,0.5637,0.5730,0.5419,369260,0.0261,2588,2994,498,4583,,355023,200116,203433,72584,119251,0.6216

1988,61,3,Arizona,0.4775,0.4906,0.4490,2609995,0.0495,12095,25446,1669,26487,,2454254,1171873,1204169,454029,702541,0.6074

1988,42,4,Arkansas,0.4899,,0.4820,1717388,0.0062,5519,15931,3840,17325,,1689491,827738,,349237,466578,0.5719

1988,71,5,California,0.5574,0.5747,0.4653,21249801,0.1593,76171,0,49364,125535,,17738700,9887065,10194539,4702233,5054917,0.5181

1988,62,6,Colorado,0.5896,0.6084,0.5726,2396786,0.0257,5765,0,1743,7508,,2327768,1372394,1416265,621453,728177,0.5395

1988,1,7,Connecticut,0.6065,0.6143,0.5716,2525021,0.0451,8005,46086,371,31419,,2379699,1443394,1461962,676584,750241,0.5258

1988,11,8,Delaware,0.5289,0.5397,0.5103,489696,0.0167,3197,9576,1093,9078,,472441,249891,254973,108647,139639,0.5624

1988,55,9,District of Columbia,0.4252,0.4346,0.3839,502362,0.0716,8831,0,3949,12780,,453636,192877,197135,159407,27590,0.1475

1988,43,10,Florida,0.4902,,0.4458,9651236,0.0781,34732,165475,2562,120032,,8777510,4302313,,1656701,2618885,0.6125

1988,44,11,Georgia,0.4058,,0.3907,4631342,0.0174,18787,121559,11308,90875,,4459739,1809672,,714792,1081331,0.6020

1988,82,12,Hawaii,0.4791,0.4981,0.4411,803568,0.0764,2300,0,0,2300,,739890,354461,368567,192364,158625,0.4519

1988,63,13,Idaho,0.6128,0.6312,0.5992,682522,0.0199,1581,0,0,1581,,667345,408968,421213,147272,253881,0.6329

1988,21,14,Illinois,0.5734,0.5908,0.5421,8410414,0.0521,21081,0,0,21081,,7950848,4559120,4697192,2215940,2310939,0.5105

1988,22,15,Indiana,0.5427,0.5562,0.5360,4045785,0.0094,11406,0,0,11406,,3996319,2168621,2222811,860643,1297763,0.6013

1988,31,16,Iowa,0.6062,0.6137,0.5972,2052326,0.0093,3034,13099,1945,11529,,2021793,1225614,1240854,670557,545355,0.4485

1988,32,17,Kansas,0.5596,,0.5491,1808604,0.0157,5817,0,0,5817,,1774451,993044,,422636,554049,0.5673

1988,51,18,Kentucky,0.4934,,0.4881,2709782,0.0056,7119,7398,3443,14261,,2680364,1322517,,580368,734281,0.5585

1988,45,19,Louisiana,0.5536,,0.5417,3005785,0.0137,16242,0,7387,23629,,2941023,1628202,,717460,883702,0.5519

1988,2,20,Maine,0.6246,,0.6154,901850,0.0147,0,0,0,0,,888612,555035,,243569,307131,0.5577

1988,52,21,Maryland,0.5155,0.5254,0.4849,3535730,0.0417,14276,78619,9225,62811,,3325582,1714358,1747350,826304,876167,0.5146

1988,3,22,Massachusetts,0.6003,0.6133,0.5672,4642061,0.0552,0,0,0,0,,4385728,2632801,2689857,1401406,1194644,0.4602

1988,23,23,Michigan,0.5552,0.5668,0.5417,6773776,0.0203,27612,0,0,27612,,6608812,3669163,3745751,1675783,1965486,0.5398

1988,33,24,Minnesota,0.6792,0.6884,0.6621,3166668,0.0147,2799,56901,1639,32889,,3087194,2096790,2125119,1109471,962337,0.4645

1988,46,25,Mississippi,0.5196,,0.5130,1815826,0.0050,7384,6854,3177,13988,,1792847,931527,,363921,557890,0.6052

1988,34,26,Missouri,0.5663,,0.5554,3769751,0.0085,12176,42728,7207,40747,,3696905,2093713,,1001619,1084953,0.5200

1988,64,27,Montana,0.6438,0.6672,0.6373,573791,0.0079,1272,0,0,1272,,568014,365674,378981,168936,190412,0.5299

1988,35,28,Nebraska,0.5878,0.6031,0.5780,1144305,0.0094,2156,11411,447,8309,,1125252,661465,678669,259646,398447,0.6055

1988,65,29,Nevada,0.4557,0.4612,0.4249,823940,0.0550,4881,7032,2100,10497,,768131,350067,354261,132738,206040,0.6082

1988,4,30,New Hampshire,0.5635,0.5778,0.5519,817358,0.0194,1019,0,0,1019,,800468,451074,462503,163696,281537,0.6323

1988,12,31,New Jersey,0.5703,0.5708,0.5249,5904776,0.0687,16936,57903,18463,64351,,5435008,3099553,3102502,1320352,1743192,0.5690

1988,66,32,New Mexico,0.5198,0.5342,0.4980,1046754,0.0355,2825,5312,1230,6711,,1002876,521287,535694,244497,270341,0.5251

1988,13,33,New York,0.5273,0.5395,0.4748,13659215,0.0937,44560,0,33962,78522,,12300666,6485683,6636310,3347882,3081871,0.4793

1988,47,34,North Carolina,0.4452,,0.4353,4903045,0.0106,17078,67164,6191,56851,,4794041,2134370,,890167,1237258,0.5816

1988,36,35,North Dakota,0.6370,0.6623,0.6316,470652,0.0074,466,0,0,466,,466684,297261,309100,127739,166559,0.5660

1988,24,36,Ohio,0.5583,0.5725,0.5501,7986220,0.0114,26462,0,0,26462,,7869099,4393585,4505284,1939629,2416549,0.5547

1988,53,37,Oklahoma,0.5214,0.5311,0.5091,2300258,0.0134,10448,23341,1455,23574,,2245785,1171036,1192815,483423,678367,0.5839

1988,72,38,Oregon,0.6062,0.6231,0.5847,2055379,0.0308,5991,0,3790,9781,,1982355,1201694,1235199,616206,560126,0.4762

1988,14,39,Pennsylvania,0.5101,,0.5020,9037056,0.0140,17900,0,0,17900,,8892826,4536251,,2194944,2300087,0.5117

1988,5,40,Rhode Island,0.5606,0.5763,0.5245,771407,0.0549,1906,9824,442,7260,,721773,404620,415963,225123,177761,0.4412

1988,48,41,South Carolina,0.4019,0.4246,0.3937,2504635,0.0081,13888,26260,3626,30644,,2453644,986009,1041846,370554,606443,0.6207

1988,37,42,South Dakota,0.6335,,0.6290,497633,0.0052,1020,0,0,1020,,494034,312991,,145560,165415,0.5319

1988,54,43,Tennessee,0.4607,,0.4534,3609081,0.0073,7732,28282,9529,31402,,3551452,1636250,,679794,947233,0.5822

1988,49,44,Texas,0.5010,,0.4569,11877787,0.0658,40437,288906,77827,262717,,10833436,5427410,,2352748,3036829,0.5635

1988,67,45,Utah,0.6202,0.6342,0.6048,1069800,0.0249,0,0,0,0,,1043170,647008,661546,207343,428442,0.6739

1988,6,46,Vermont,0.6011,0.6674,0.5918,411136,0.0154,0,0,0,0,,404795,243328,270148,115775,124331,0.5178

1988,40,47,Virginia,0.4984,,0.4794,4571637,0.0317,14184,17945,6576,29733,,4396900,2191609,,859799,1309162,0.6036

1988,73,48,Washington,0.5683,0.5859,0.5383,3465082,0.0387,5816,64257,10745,48690,,3282173,1865253,1923043,933516,903835,0.4919

1988,56,49,West Virginia,0.4848,,0.4810,1358249,0.0043,1455,4811,807,4668,,1347692,653311,,341016,310065,0.4762

1988,25,50,Wisconsin,0.6280,,0.6159,3558322,0.0126,6353,26305,4128,23634,,3489742,2191608,,1126794,1047499,0.4818

1988,68,51,Wyoming,0.5603,0.5917,0.5505,320695,0.0101,945,2186,333,2371,,315073,176551,186417,67113,106867,0.6142

1986,0,0,United States,0.3814,0.0000,0.3653,177922330,0.0471,535547,1177814,242663,1367117,2216053,170396029,64991128,,,,

1986,41,1,Alabama,0.4308,,0.4246,2911819,0.0057,11710,21371,3038,25434,,2869652,1236230,,,,

1986,81,2,Alaska,0.5139,0.5188,0.4955,364871,0.0247,2460,2885,119,4022,,351841,180801,182526,,,

1986,61,3,Arizona,0.3739,0.3836,0.3535,2452624,0.0457,9434,20283,2034,21610,,2319046,866984,889668,,,

1986,42,4,Arkansas,0.4136,,0.4075,1706578,0.0058,4701,12700,4023,15074,,1681564,695487,,,,

1986,71,5,California,0.4336,0.4437,0.3681,20222886,0.1466,59484,0,33172,92656,,17166275,7443551,7617142,,,

1986,62,6,Colorado,0.4593,0.4749,0.4470,2372880,0.0243,3804,0,1827,5631,,2309652,1060765,1096867,,,

1986,1,7,Connecticut,0.4239,0.4375,0.4007,2479722,0.0432,6905,41304,603,28160,,2344327,993692,1025605,,,

1986,11,8,Delaware,0.3528,0.3634,0.3414,470828,0.0157,2833,7985,978,7804,,455609,160757,165563,,,

1986,55,9,District of Columbia,0.2828,0.2879,0.2592,508553,0.0648,6618,0,2980,9598,,465993,131802,134158,,,

1986,43,10,Florida,0.4091,,0.3745,9158241,0.0730,32237,139859,3478,105645,,8384015,3429996,,,,

1986,44,11,Georgia,0.2849,,0.2753,4450093,0.0153,16922,109485,10421,82086,,4300049,1224948,,,,

1986,82,12,Hawaii,0.4670,0.4814,0.4308,775534,0.0747,2180,0,0,2180,,715459,334115,344416,,,

1986,63,13,Idaho,0.5842,0.5925,0.5721,677205,0.0187,1448,0,0,1448,,663126,387426,392909,,,

1986,21,14,Illinois,0.3974,0.4199,0.3768,8343755,0.0493,19456,0,0,19456,,7912733,3144185,3322657,,,

1986,22,15,Indiana,0.3944,0.4105,0.3898,3990379,0.0091,10175,0,0,10175,,3943714,1555505,1619005,,,

1986,31,16,Iowa,0.4507,0.4563,0.4443,2049547,0.0087,2777,12584,1929,10998,,2020678,910623,922094,,,

1986,32,17,Kansas,0.4784,,0.4700,1788426,0.0146,5345,0,0,5345,,1757001,840605,,,,

1986,51,18,Kentucky,0.2545,,0.2520,2687605,0.0053,5288,6841,3370,12079,,2661218,677280,,,,

1986,45,19,Louisiana,0.4544,,0.4464,3069021,0.0131,14300,0,0,14300,,3014498,1369897,,,,

1986,2,20,Maine,0.4974,,0.4903,870604,0.0142,0,0,0,0,,858200,426861,,,,

1986,52,21,Maryland,0.3459,0.3610,0.3271,3401061,0.0379,13326,69134,7494,55387,,3216833,1112637,1161136,,,

1986,3,22,Massachusetts,0.3893,0.4108,0.3693,4560556,0.0514,0,0,0,0,,4326264,1684079,1777276,,,

1986,23,23,Michigan,0.3675,0.3785,0.3590,6674856,0.0200,20742,0,0,20742,,6520661,2396564,2468009,,,

1986,33,24,Minnesota,0.4682,0.4817,0.4583,3089544,0.0136,2462,38901,1437,23350,,3024070,1415989,1456579,,,

1986,46,25,Mississippi,0.2937,,0.2901,1804699,0.0047,6747,6458,3454,13430,,1782721,523563,,,,

1986,34,26,Missouri,0.4042,,0.3973,3717988,0.0082,10309,33819,5229,32448,,3655213,1477327,,,,

1986,64,27,Montana,0.5556,0.5706,0.5503,577604,0.0076,1111,0,0,1111,,572113,317862,326436,,,

1986,35,28,Nebraska,0.5026,0.5146,0.4945,1141336,0.0090,2044,11265,304,7981,,1123099,564422,577916,,,

1986,65,29,Nevada,0.3741,0.3776,0.3505,747283,0.0512,4551,5518,1529,8839,,700192,261932,264365,,,

1986,4,30,New Hampshire,0.3300,0.3385,0.3235,775686,0.0185,782,0,0,782,,760526,250966,257410,,,

1986,12,31,New Jersey,0.2879,0.3038,0.2669,5819614,0.0638,12020,51359,14064,51764,,5396487,1553544,1639330,,,

1986,66,32,New Mexico,0.3999,0.4139,0.3848,1026160,0.0324,2416,4175,1147,5651,,987220,394833,408621,,,

1986,13,33,New York,0.3501,0.3655,0.3178,13512043,0.0874,38449,0,29325,67774,,12263480,4293971,4481718,,,

1986,47,34,North Carolina,0.3420,,0.3351,4749053,0.0096,17698,58644,3322,50342,,4653016,1591330,,,,

1986,36,35,North Dakota,0.6098,0.6228,0.6049,477812,0.0072,421,0,0,421,,473962,289013,295177,,,

1986,24,36,Ohio,0.4011,0.4664,0.3955,7891503,0.0111,22463,0,0,22463,,7781083,3121189,3628870,,,

1986,53,37,Oklahoma,0.3973,0.4080,0.3883,2343190,0.0129,9708,22740,1670,22748,,2290182,909925,934447,,,

1986,72,38,Oregon,0.5494,0.5641,0.5324,1990233,0.0285,4770,0,0,4770,,1928782,1059630,1088086,,,

1986,14,39,Pennsylvania,0.3841,,0.3783,8955720,0.0134,15201,0,0,15201,,8820459,3388275,,,,

1986,5,40,Rhode Island,0.4299,0.4539,0.4042,756297,0.0520,1358,8174,453,5898,,711034,305663,322724,,,

1986,48,41,South Carolina,0.3149,0.3190,0.3092,2437430,0.0077,11676,21110,3066,25297,,2393329,753751,763493,,,

1986,37,42,South Dakota,0.6009,,0.5966,495833,0.0049,1081,0,0,1081,,492333,295830,,,,

1986,54,43,Tennessee,0.3479,,0.3427,3532177,0.0068,7591,26291,8600,29337,,3478867,1210339,,,,

1986,49,44,Texas,0.3191,,0.2934,11732625,0.0601,38534,290074,57509,241080,,10786533,3442368,,,,

1986,67,45,Utah,0.4248,0.4349,0.4147,1049339,0.0238,0,0,0,0,,1024337,435111,445499,,,

1986,6,46,Vermont,0.5046,0.5431,0.4967,396034,0.0156,0,0,0,0,,389843,196716,211709,,,

1986,40,47,Virginia,0.2909,,0.2807,4394143,0.0287,12930,17126,5767,27260,,4240797,1233611,,,,

1986,73,48,Washington,0.4244,0.4310,0.4040,3310457,0.0363,6603,49663,7666,39101,,3151152,1337367,1358160,,,

1986,56,49,West Virginia,0.2993,0.3278,0.2970,1380916,0.0044,1472,4241,968,4561,,1370305,410131,449249,,,

1986,25,50,Wisconsin,0.4449,,0.4368,3495584,0.0119,5736,24648,3854,21914,,3432034,1526960,,,,

1986,68,51,Wyoming,0.5007,0.5126,0.4926,334385,0.0099,861,1840,337,2118,,328971,164720,168615,,,

1984,0,0,United States,0.5525,0.0000,0.5325,173994610,0.0430,454092,1012936,204686,1165246,2360867,167701904,92652680,,37577352,54455472,0.5917

1984,41,1,Alabama,0.5092,,0.5028,2867180,0.0053,10482,16338,2194,20845,,2831099,1441713,,551899,872849,0.6126

1984,81,2,Alaska,0.6052,0.6214,0.5858,354410,0.0232,1967,2064,147,3146,,343030,207605,213173,62007,138377,0.6906

1984,61,3,Arizona,0.4769,0.4887,0.4532,2263826,0.0418,7845,16687,1660,17849,,2151391,1025897,1051339,333854,681416,0.6712

1984,42,4,Arkansas,0.5302,,0.5235,1689480,0.0055,4482,8238,3463,12064,,1668136,884406,,338646,534774,0.6123

1984,71,5,California,0.5720,0.5895,0.4933,19270739,0.1338,43197,0,30645,73842,,16618345,9505423,9796375,3922519,5467009,0.5822

1984,62,6,Colorado,0.5712,0.5924,0.5570,2325829,0.0229,3231,0,1709,4940,,2267668,1295380,1343437,454974,821818,0.6437

1984,1,7,Connecticut,0.6376,0.6481,0.6034,2431057,0.0414,5718,46681,868,29927,,2300533,1466900,1490946,569597,890877,0.6100

1984,11,8,Delaware,0.5755,0.5837,0.5591,455312,0.0148,2202,6373,830,6219,,442354,254572,258182,101656,152190,0.5995

1984,55,9,District of Columbia,0.4480,0.4647,0.4179,505550,0.0581,4521,0,0,4521,,471669,211288,219193,180408,29009,0.1385

1984,43,10,Florida,0.5240,,0.4829,8656427,0.0679,26914,118318,5661,91734,,7976805,4180051,,1448816,2730350,0.6533

1984,44,11,Georgia,0.4311,,0.4186,4243165,0.0131,15404,90057,7246,67679,,4119852,1776120,,706628,1068722,0.6020

1984,82,12,Hawaii,0.4838,0.5031,0.4473,750909,0.0729,1965,0,0,1965,,694187,335846,349253,147154,185050,0.5570

1984,63,13,Idaho,0.6203,0.6366,0.6084,675772,0.0174,1253,0,0,1253,,662771,411144,421935,108510,297523,0.7328

1984,21,14,Illinois,0.6083,0.6272,0.5787,8327065,0.0465,17114,0,0,17114,,7922605,4819088,4969352,2086499,2707103,0.5647

1984,22,15,Indiana,0.5702,0.5792,0.5638,3960870,0.0089,9328,0,0,9328,,3916362,2233069,2268493,841481,1377230,0.6207

1984,31,16,Iowa,0.6415,0.6512,0.6330,2084995,0.0082,2836,11924,1662,10460,,2057482,1319805,1339886,605620,703088,0.5372

1984,32,17,Kansas,0.5836,,0.5743,1779487,0.0135,4244,0,0,4244,,1751223,1021991,,333149,677296,0.6703

1984,51,18,Kentucky,0.5181,,0.5124,2672424,0.0051,4820,15004,3567,15889,,2643027,1369345,,539589,822782,0.6039

1984,45,19,Louisiana,0.5652,,0.5556,3072074,0.0125,13659,0,0,13659,,3019930,1706822,,651586,1037299,0.6142

1984,2,20,Maine,0.6583,,0.6492,852022,0.0138,0,0,0,0,,840251,553144,,214515,336500,0.6107

1984,52,21,Maryland,0.5382,0.5446,0.5112,3278321,0.0341,13124,64827,7046,52584,,3113967,1675873,1695924,787935,879918,0.5276

1984,3,22,Massachusetts,0.5989,0.6073,0.5705,4486676,0.0475,0,0,0,0,,4273437,2559453,2595054,1239606,1310936,0.5140

1984,23,23,Michigan,0.5933,0.6063,0.5803,6550877,0.0197,14604,0,0,14604,,6407156,3801658,3884854,1529638,2251571,0.5955

1984,33,24,Minnesota,0.6990,0.7094,0.6858,3039490,0.0126,2167,31440,1418,19305,,2982015,2084449,2115317,1036364,1032603,0.4991

1984,46,25,Mississippi,0.5327,,0.5266,1787243,0.0045,6115,6570,3108,12508,,1766654,941104,,352192,581477,0.6228

1984,34,26,Missouri,0.5867,,0.5782,3671506,0.0078,8770,23574,4366,24923,,3617948,2122783,,848583,1274188,0.6002

1984,64,27,Montana,0.6639,0.6823,0.6580,584162,0.0073,964,0,0,964,,578925,384377,395006,146742,232450,0.6130

1984,35,28,Nebraska,0.5745,0.5910,0.5659,1152310,0.0086,1665,10763,361,7408,,1135012,652090,670781,187866,460054,0.7100

1984,65,29,Nevada,0.4364,0.4482,0.4112,697185,0.0474,3488,5226,1187,7288,,656862,286667,294413,91655,188770,0.6732

1984,4,30,New Hampshire,0.5409,0.5655,0.5309,732480,0.0177,581,0,0,581,,718967,388904,406608,120395,267051,0.6893

1984,12,31,New Jersey,0.6050,0.6046,0.5646,5699440,0.0590,10363,44208,12206,44673,,5318696,3217862,3215941,1261323,1933630,0.6052

1984,66,32,New Mexico,0.5379,0.5462,0.5192,990632,0.0294,2129,3926,1194,5286,,956246,514370,522328,201769,307101,0.6035

1984,13,33,New York,0.5565,0.5723,0.5090,13373558,0.0811,33109,0,24212,57321,,12232120,6806810,7000828,3119609,3664763,0.5402

1984,47,34,North Carolina,0.4821,,0.4731,4598151,0.0086,16371,52600,3892,46563,,4512013,2175361,,824287,1346481,0.6203

1984,36,35,North Dakota,0.6401,0.6717,0.6352,486449,0.0069,432,0,0,432,,482655,308971,324179,104429,200336,0.6573

1984,24,36,Ohio,0.5881,0.6032,0.5803,7836806,0.0109,18619,0,0,18619,,7732456,4547619,4664223,1825440,2678560,0.5947

1984,53,37,Oklahoma,0.5402,0.5552,0.5291,2373014,0.0124,7872,18809,1880,19157,,2324445,1255676,1290555,385080,861530,0.6911

1984,72,38,Oregon,0.6432,0.6638,0.6250,1962501,0.0262,4224,0,0,4224,,1906880,1226527,1265824,536479,685700,0.5610

1984,14,39,Pennsylvania,0.5511,,0.5433,8918353,0.0128,13090,0,0,13090,,8790815,4844903,,2228131,2584323,0.5370

1984,5,40,Rhode Island,0.5885,0.6062,0.5554,739064,0.0492,1221,7147,394,5189,,697537,410492,422851,197106,212080,0.5183

1984,48,41,South Carolina,0.4158,0.4374,0.4090,2368236,0.0073,9892,17043,3441,21855,,2329080,968529,1018701,344470,615539,0.6412

1984,37,42,South Dakota,0.6426,,0.6385,497849,0.0046,921,0,0,921,,494651,317867,,116113,200267,0.6330

1984,54,43,Tennessee,0.5012,,0.4943,3463234,0.0063,7307,23598,6524,25630,,3415760,1711994,,711714,990212,0.5818

1984,49,44,Texas,0.5100,,0.4736,11397758,0.0544,36682,235568,40783,195249,,10582774,5397571,,1949276,3433428,0.6379

1984,67,45,Utah,0.6304,0.6426,0.6161,1022083,0.0228,0,0,0,0,,998820,629656,641846,155369,469105,0.7512

1984,6,46,Vermont,0.6149,0.6164,0.6051,387620,0.0158,0,0,0,0,,381479,234561,235140,95730,135865,0.5866

1984,40,47,Virginia,0.5235,,0.5070,4234017,0.0257,10839,16690,5986,25170,,4100160,2146635,,796250,1337078,0.6268

1984,73,48,Washington,0.6131,0.6286,0.5863,3213263,0.0339,6821,39181,5253,31665,,3072714,1883910,1931546,807352,1051670,0.5657

1984,56,49,West Virginia,0.5288,,0.5249,1401733,0.0044,1579,3597,724,4102,,1391427,735742,,328125,405483,0.5527

1984,25,50,Wisconsin,0.6487,,0.6377,3468053,0.0112,4974,22426,3853,20040,,3409202,2211689,,995847,1198800,0.5462

1984,68,51,Wyoming,0.5579,0.5791,0.5494,343957,0.0096,724,1708,352,1930,,338733,188968,196153,53370,133241,0.7140

1982,0,0,United States (Excl. Louisiana),0.4214,0.0000,0.4073,166027633,0.0396,399102,789951,165559,959637,1981895,160466919,67615576,,,,

1982,41,1,Alabama,0.4059,,0.4012,2813033,0.0049,9233,14229,2266,18614,,2780689,1128725,,,,

1982,81,2,Alaska,0.6337,0.6485,0.6152,316787,0.0218,1322,1816,101,2331,,307558,194885,199458,,,

1982,61,3,Arizona,0.3601,0.3683,0.3439,2112246,0.0379,6069,14949,1527,15071,,2017098,726364,742923,,,

1982,42,4,Arkansas,0.4815,,0.4765,1656707,0.0052,3922,3384,3061,8675,,1639482,789351,,,,

1982,71,5,California,0.4874,0.4990,0.4270,18448245,0.1210,34640,0,18913,53553,,16161555,7876698,8064314,,,

1982,62,6,Colorado,0.4353,0.4725,0.4251,2248839,0.0215,3042,0,1202,4244,,2196263,956021,1037774,,,

1982,1,7,Connecticut,0.4811,0.4937,0.4575,2369975,0.0395,5156,33061,1311,22998,,2253328,1084156,1112428,,,

1982,11,8,Delaware,0.4438,0.4549,0.4326,441374,0.0139,2068,4626,621,5002,,430257,190960,195726,,,

1982,55,9,District of Columbia,0.2499,,0.2350,500492,0.0513,4081,0,0,4081,,470719,117623,,,,

1982,43,10,Florida,0.3554,,0.3303,8139171,0.0628,27830,57074,5974,62341,,7565499,2688566,,,,

1982,44,11,Georgia,0.2963,,0.2888,4047788,0.0110,14405,78097,4897,58351,,3945107,1169041,,,,

1982,82,12,Hawaii,0.4646,0.4849,0.4306,724189,0.0712,1461,0,0,1461,,671172,311853,325459,,,

1982,63,13,Idaho,0.5019,0.5107,0.4930,662251,0.0161,1044,0,0,1044,,650534,326522,332237,,,

1982,21,14,Illinois,0.4645,0.4877,0.4434,8284606,0.0437,14293,0,0,14293,,7908220,3673681,3856875,,,

1982,22,15,Indiana,0.4685,0.4728,0.4634,3921907,0.0086,8790,0,0,8790,,3879314,1817287,1834225,,,

1982,31,16,Iowa,0.5018,0.5078,0.4958,2094031,0.0076,2829,10625,1050,9192,,2068844,1038229,1050495,,,

1982,32,17,Kansas,0.4396,,0.4334,1761238,0.0124,3078,0,0,3078,,1736298,763263,,,,

1982,51,18,Kentucky,0.2678,,0.2650,2642810,0.0048,4031,14516,3430,14719,,2615445,700322,,,,

1982,45,19,Louisiana,,,,3029834,0.0119,10930,0,0,10930,,2982702,,,,,

1982,2,20,Maine,0.5628,,0.5553,828907,0.0134,0,0,0,0,,817814,460295,,,,

1982,52,21,Maryland,0.3754,0.3921,0.3588,3174995,0.0303,11617,52603,6024,43943,,3034834,1139149,1190011,,,

1982,3,22,Massachusetts,0.4901,0.5028,0.4687,4375262,0.0437,0,0,0,0,,4184146,2050769,2103780,,,

1982,23,23,Michigan,0.4782,0.4933,0.4678,6498711,0.0194,14913,0,0,14913,,6357552,3040008,3135928,,,

1982,33,24,Minnesota,0.6132,0.6234,0.6029,2993256,0.0115,2081,24320,1479,15720,,2943169,1804675,1834737,,,

1982,46,25,Mississippi,0.3700,,0.3660,1762406,0.0043,5484,6304,2914,11550,,1743267,645026,,,,

1982,34,26,Missouri,0.4326,,0.4269,3615526,0.0074,7445,21637,2556,20820,,3567803,1543521,,,,

1982,64,27,Montana,0.5636,0.5760,0.5588,574592,0.0070,914,0,0,914,,569629,321062,328082,,,

1982,35,28,Nebraska,0.4853,0.4955,0.4784,1145316,0.0082,1739,9964,309,7030,,1128918,547902,559422,,,

1982,65,29,Nevada,0.3871,0.3906,0.3666,655823,0.0436,2753,4733,1065,6185,,621060,240394,242578,,,

1982,4,30,New Hampshire,0.4118,0.4212,0.4046,698424,0.0168,445,0,0,445,,686264,282588,289057,,,

1982,12,31,New Jersey,0.4199,0.4377,0.3943,5563627,0.0541,8191,38186,10514,37798,,5224732,2193945,2286925,,,

1982,66,32,New Mexico,0.4432,0.4546,0.4293,949133,0.0263,1718,3854,1206,4851,,919311,407466,417945,,,

1982,13,33,New York,0.4336,0.4487,0.3996,13150573,0.0747,27945,0,21062,49007,,12118685,5254891,5437367,,,

1982,47,34,North Carolina,0.3038,,0.2984,4427095,0.0076,16569,44274,6910,45616,,4347870,1321080,,,,

1982,36,35,North Dakota,0.5504,0.5722,0.5464,480367,0.0066,322,0,0,322,,476851,262465,272876,,,

1982,24,36,Ohio,0.4414,0.4618,0.4357,7793022,0.0107,17317,0,0,17317,,7692059,3395463,3551995,,,

1982,53,37,Oklahoma,0.3835,0.3915,0.3764,2346265,0.0119,6500,14749,1858,15733,,2302670,883130,901488,,,

1982,72,38,Oregon,0.5497,0.5612,0.5354,1946116,0.0239,3900,0,0,3900,,1895706,1042009,1063913,,,

1982,14,39,Pennsylvania,0.4210,,0.4154,8869173,0.0123,10508,0,0,10508,,8749931,3683985,,,,

1982,5,40,Rhode Island,0.5004,0.5415,0.4741,723060,0.0463,1037,6501,327,4615,,684977,342779,370928,,,

1982,48,41,South Carolina,0.2971,0.3045,0.2924,2297223,0.0069,9137,16981,3175,20803,,2260577,671625,688300,,,

1982,37,42,South Dakota,0.5691,,0.5658,492367,0.0043,791,0,0,791,,489474,278562,,,,

1982,54,43,Tennessee,0.3752,,0.3713,3393233,0.0058,7869,10101,3303,16223,,3357236,1259785,,,,

1982,49,44,Texas,0.3120,,0.2925,10910762,0.0487,36149,177270,26274,151058,,10228820,3191091,,,,

1982,67,45,Utah,0.5514,0.5580,0.5394,984073,0.0217,0,0,0,0,,962724,530802,537207,,,

1982,6,46,Vermont,0.4538,0.4614,0.4465,379067,0.0161,0,0,0,0,,372982,169251,172084,,,

1982,40,47,Virginia,0.3575,,0.3473,4076585,0.0226,10079,14813,6487,23973,,3960296,1415622,,,,

1982,73,48,Washington,0.4562,0.4683,0.4361,3138109,0.0315,6264,60142,3047,39382,,2999997,1368476,1404831,,,

1982,56,49,West Virginia,0.4040,,0.4012,1409116,0.0045,1547,2711,610,3513,,1399303,565314,,,,

1982,25,50,Wisconsin,0.4685,,0.4612,3426394,0.0105,4714,19603,3125,17641,,3372875,1580344,,,,

1982,68,51,Wyoming,0.4897,0.4999,0.4829,349060,0.0093,702,1303,244,1598,,344218,168555,172065,,,

1980,0,0,United States,0.5420,0.0000,0.5261,164445475,0.0353,324410,618471,168331,801977,1803021,159635102,86515221,,35480115,43903230,0.5531

1980,41,1,Alabama,0.4922,,0.4874,2753078,0.0044,6543,10985,2547,14583,,2726249,1341929,,636730,654192,0.5068

1980,81,2,Alaska,0.5866,0.6021,0.5715,277261,0.0203,822,1181,93,1506,,270122,158445,162653,41842,86112,0.6730

1980,61,3,Arizona,0.4624,0.4752,0.4439,1968947,0.0340,4372,12584,1093,11757,,1890167,873945,898183,246843,529688,0.6821

1980,42,4,Arkansas,0.5202,,0.5155,1624917,0.0048,2911,2400,2855,6966,,1610104,837582,,398041,403164,0.5032

1980,71,5,California,0.5501,0.5621,0.4893,17551451,0.1083,24569,0,15253,39822,,15610966,8587063,8775459,3083661,4524858,0.5947

1980,62,6,Colorado,0.5716,0.5915,0.5592,2118092,0.0201,2629,0,927,3556,,2071959,1184415,1225549,367973,652264,0.6393

1980,1,7,Connecticut,0.6388,0.6466,0.6099,2305904,0.0377,4308,22981,1932,17731,,2201356,1406285,1423403,541732,677210,0.5556

1980,11,8,Delaware,0.5599,0.5676,0.5475,430879,0.0129,1474,3762,619,3974,,421344,235900,239136,105754,111252,0.5127

1980,55,9,District of Columbia,0.3721,0.3789,0.3531,496230,0.0446,3145,0,0,3145,,470956,175237,178434,130231,23313,0.1518

1980,43,10,Florida,0.5201,,0.4867,7575002,0.0577,20735,38906,8823,49011,,7088658,3686930,,1419475,2046951,0.5905

1980,44,11,Georgia,0.4211,,0.4126,3870251,0.0088,12178,58450,3169,44572,,3791652,1596695,,890733,654168,0.4234

1980,82,12,Hawaii,0.4691,0.4919,0.4358,695906,0.0695,985,0,0,985,,646583,303287,318026,135879,130112,0.4892

1980,63,13,Idaho,0.6904,0.7040,0.6792,644004,0.0148,817,0,0,817,,633624,437431,446045,110192,290699,0.7251

1980,21,14,Illinois,0.6037,0.6188,0.5781,8216218,0.0409,11899,0,0,11899,,7868300,4749721,4868890,1981413,2358049,0.5434

1980,22,15,Indiana,0.5829,0.5916,0.5770,3885473,0.0084,6683,0,0,6683,,3846321,2242033,2275433,844197,1255656,0.5980

1980,31,16,Iowa,0.6363,0.6346,0.6295,2093321,0.0071,2481,8815,639,7528,,2070935,1317661,1314258,508672,676026,0.5706

1980,32,17,Kansas,0.5749,,0.5675,1726471,0.0113,2494,0,0,2494,,1704420,979795,,326150,566812,0.6348

1980,51,18,Kentucky,0.5052,,0.4994,2592185,0.0045,3588,12400,8120,17908,,2562572,1294627,,616417,635274,0.5075

1980,45,19,Louisiana,0.5398,,0.5320,2910776,0.0114,8889,0,0,8889,,2868792,1548591,,708453,792853,0.5281

1980,2,20,Maine,0.6540,,0.6455,810240,0.0130,0,0,0,0,,799746,523011,,220974,238522,0.5191

1980,52,21,Maryland,0.5196,0.5254,0.4999,3081409,0.0265,7731,41661,6436,34998,,2964704,1540496,1557709,726161,680606,0.4838

1980,3,22,Massachusetts,0.6141,0.6244,0.5896,4281265,0.0398,0,0,0,0,,4110721,2524298,2566807,1053802,1057631,0.5009

1980,23,23,Michigan,0.6133,0.6241,0.6001,6514790,0.0191,15124,0,0,15124,,6374955,3909725,3978647,1661532,1915225,0.5355

1980,33,24,Minnesota,0.7119,0.7214,0.7004,2929927,0.0104,2001,27000,1534,17035,,2882406,2051980,2079451,954174,873241,0.4779

1980,46,25,Mississippi,0.5238,,0.5190,1719825,0.0041,3902,4864,2292,8626,,1704163,892620,,429281,441089,0.5068

1980,34,26,Missouri,0.5949,,0.5879,3571609,0.0071,5726,17400,2395,16821,,3529489,2099824,,931182,1074181,0.5357

1980,64,27,Montana,0.6562,0.6707,0.6509,559165,0.0068,739,0,0,739,,554636,363952,371976,118032,206814,0.6367

1980,35,28,Nebraska,0.5747,0.5840,0.5673,1129653,0.0078,1446,7980,292,5728,,1115142,640854,651281,166851,419937,0.7157

1980,65,29,Nevada,0.4325,0.5188,0.4115,602463,0.0398,1839,4989,1052,5386,,573118,247885,297318,66666,155017,0.6993

1980,4,30,New Hampshire,0.5813,0.6092,0.5718,671558,0.0159,326,0,0,326,,660560,383990,402415,108864,221705,0.6707

1980,12,31,New Jersey,0.5808,0.5855,0.5490,5420255,0.0493,5884,29239,8911,29415,,5123773,2975684,2999879,1147364,1546557,0.5741

1980,66,32,New Mexico,0.5231,0.5322,0.5089,897946,0.0232,1279,2794,884,3560,,873515,456971,464848,167826,250779,0.5991

1980,13,33,New York,0.5166,0.5297,0.4796,12932357,0.0684,21815,0,19652,41467,,12006100,6201959,6359218,2728372,2893831,0.5147

1980,47,34,North Carolina,0.4415,,0.4344,4272156,0.0066,15513,36467,6496,40243,,4203817,1855833,,875635,915018,0.5110

1980,36,35,North Dakota,0.6524,0.6805,0.6479,465447,0.0064,253,0,0,253,,462223,301545,314525,79189,193695,0.7098

1980,24,36,Ohio,0.5608,0.5733,0.5540,7732705,0.0105,13489,0,0,13489,,7637813,4283603,4378937,1752414,2206545,0.5574

1980,53,37,Oklahoma,0.5318,0.5422,0.5223,2201257,0.0114,4796,14360,2232,14208,,2162051,1149708,1172303,402026,695570,0.6337

1980,72,38,Oregon,0.6282,0.6432,0.6136,1925651,0.0216,3177,0,0,3177,,1880863,1181516,1209691,456890,571044,0.5555

1980,14,39,Pennsylvania,0.5265,,0.5198,8774885,0.0117,8171,0,0,8171,,8664166,4561501,,1937540,2261872,0.5386

1980,5,40,Rhode Island,0.6163,0.6271,0.5863,709692,0.0434,813,5501,257,3821,,675067,416072,423349,198342,154793,0.4383

1980,48,41,South Carolina,0.4107,0.4238,0.4041,2212354,0.0065,7862,20589,3124,21281,,2176721,894071,922397,427560,441207,0.5079

1980,37,42,South Dakota,0.6766,,0.6730,486893,0.0040,635,0,0,635,,484328,327703,,103855,198343,0.6563

1980,54,43,Tennessee,0.4923,,0.4875,3318036,0.0053,7022,9130,3097,14684,,3285608,1617616,,783051,787761,0.5015

1980,49,44,Texas,0.4744,,0.4488,10120613,0.0429,29892,131996,17235,113125,,9572904,4541636,,1881147,2510705,0.5717

1980,67,45,Utah,0.6600,0.6660,0.6464,934767,0.0206,0,0,0,0,,915484,604222,609691,124266,439687,0.7797

1980,6,46,Vermont,0.5874,0.5934,0.5778,369147,0.0163,0,0,0,0,,363143,213299,215500,81891,94598,0.5360

1980,40,47,Virginia,0.4871,,0.4751,3927383,0.0196,8920,11463,4783,19435,,3830887,1866032,,752174,989609,0.5682

1980,73,48,Washington,0.5960,0.6064,0.5737,3037193,0.0290,4399,12527,14669,25332,,2923670,1742394,1772904,650193,865244,0.5710

1980,56,49,West Virginia,0.5318,0.5350,0.5282,1396595,0.0045,1257,2650,475,3057,,1387231,737715,742150,367462,334206,0.4763

1980,25,50,Wisconsin,0.6843,,0.6743,3371087,0.0098,3980,19088,2639,16163,,3322053,2273221,,981584,1088845,0.5259

1980,68,51,Wyoming,0.5410,0.5541,0.5342,330784,0.0090,534,940,154,1158,,326644,176713,181004,49427,110700,0.6913